mlbTeam,lastName,firstName,h/p,ab,ip,startDateTime,endDateTime,bidMinYears,bidMinDollars
PHI,Realmuto,J.T.,hitter,413,0,1/13/2025 8:00,1/15/2025 20:00,2,"6,059,024"
NYY,Cole,Gerrit,pitcher,0,95,1/13/2025 8:00,1/15/2025 20:00,2,"13,676,992"
4TM,Bowman,Matt,pitcher,0,30,1/13/2025 8:00,1/15/2025 20:00,1,"400,000"
SFG,Murphy,Tom,hitter,38,0,1/13/2025 8:00,1/15/2025 20:00,1,"400,000"
LAD,Feyereisen,J.P.,pitcher,0,11,1/13/2025 8:00,1/15/2025 20:00,1,"400,000"
ARI,Montgomery,Jordan,pitcher,0,117,1/13/2025 8:00,1/15/2025 20:00,1,"3,278,241"
OAK,McCann,Kyle,hitter,157,0,1/13/2025 8:00,1/15/2025 20:00,1,"400,000"
MIA,Bachar,Lake,pitcher,0,9,1/13/2025 8:00,1/15/2025 20:00,1,"400,000"
KCR,Gurriel,Yuli,hitter,65,0,1/13/2025 8:00,1/15/2025 20:00,1,"400,000"
ARI,Allen,Logan,pitcher,0,28,1/13/2025 8:10,1/15/2025 20:10,1,"400,000"
LAA,Sano,Miguel,hitter,95,0,1/13/2025 8:10,1/15/2025 20:10,1,"400,000"
LAA,Wantz,Andrew,pitcher,0,1,1/13/2025 8:10,1/15/2025 20:10,1,"400,000"
CHW,Moncada,Yoan,hitter,45,0,1/13/2025 8:10,1/15/2025 20:10,1,"400,000"
2TM,Anderson,Shaun,pitcher,0,16,1/13/2025 8:10,1/15/2025 20:10,1,"400,000"
OAK,Cameron,Daz,hitter,186,0,1/13/2025 8:10,1/15/2025 20:10,1,"400,000"
TEX,Semien,Marcus,hitter,718,0,1/13/2025 8:10,1/15/2025 20:10,1,"13,021,573"
NYM,Diekman,Jake,pitcher,0,32,1/13/2025 8:10,1/15/2025 20:10,1,"400,000"
2TM,Cooper,Garrett,hitter,116,0,1/13/2025 8:10,1/15/2025 20:10,1,"400,000"
MIL,Capra,Vinny,hitter,9,0,1/13/2025 8:20,1/15/2025 20:20,1,"400,000"
2TM,Jay,Tyler,pitcher,0,7,1/13/2025 8:20,1/15/2025 20:20,1,"400,000"
2TM,Kennedy,Buddy,hitter,26,0,1/13/2025 8:20,1/15/2025 20:20,1,"400,000"
TBR,Lopez,Jacob,pitcher,0,10,1/13/2025 8:20,1/15/2025 20:20,1,"400,000"
PIT,Chapman,Aroldis,pitcher,0,61,1/13/2025 8:20,1/15/2025 20:20,1,"2,750,578"
ARI,Henry,Tommy,pitcher,0,38,1/13/2025 8:20,1/15/2025 20:20,1,"400,000"
HOU,Mushinski,Parker,pitcher,0,11,1/13/2025 8:20,1/15/2025 20:20,1,"400,000"
ARI,Gurriel Jr.,Lourdes,hitter,553,0,1/13/2025 8:20,1/15/2025 20:20,1,"4,616,866"
STL,Gallegos,Giovanny,pitcher,0,20,1/13/2025 8:20,1/15/2025 20:20,1,"400,000"
CHC,Imanaga,Shota,pitcher,0,173,1/13/2025 8:30,1/15/2025 20:30,1,"7,556,115"
2TM,Leiter Jr.,Mark,pitcher,0,58,1/13/2025 8:30,1/15/2025 20:30,1,"583,893"
2TM,Tate,Dillon,pitcher,0,36,1/13/2025 8:30,1/15/2025 20:30,1,"400,000"
MIN,Topa,Justin,pitcher,0,2,1/13/2025 8:30,1/15/2025 20:30,1,"400,000"
MIL,Collins,Isaac,hitter,19,0,1/13/2025 8:30,1/15/2025 20:30,1,"400,000"
SEA,Bliss,Ryan,hitter,71,0,1/13/2025 8:30,1/15/2025 20:30,1,"400,000"
KCR,Lynch IV,Daniel,pitcher,0,43,1/13/2025 8:30,1/15/2025 20:30,1,"400,000"
2TM,Scott,Tanner,pitcher,0,72,1/14/2025 8:00,1/16/2025 20:00,2,"9,398,872"
CHW,Clevinger,Mike,pitcher,0,16,1/14/2025 8:00,1/16/2025 20:00,1,"400,000"
BAL,Maton,Nick,hitter,5,0,1/14/2025 8:00,1/16/2025 20:00,1,"400,000"
ARI,Hughes,Brandon,pitcher,0,17,1/14/2025 8:00,1/16/2025 20:00,1,"400,000"
TBR,Ramirez,Erasmo,pitcher,0,20,1/14/2025 8:00,1/16/2025 20:00,1,"400,000"
WSN,Chaparro,Andres,hitter,132,0,1/14/2025 8:00,1/16/2025 20:00,1,"400,000"
MIN,Blewett,Scott,pitcher,0,20,1/14/2025 8:00,1/16/2025 20:00,1,"400,000"
TEX,Latz,Jacob,pitcher,0,43,1/14/2025 8:00,1/16/2025 20:00,1,"400,000"
LAD,Freeman,Freddie,hitter,638,0,1/14/2025 8:00,1/16/2025 20:00,1,"25,554,904"
ATL,Minter,A.J.,pitcher,0,34,1/14/2025 8:10,1/16/2025 20:10,1,"400,000"
SDP,Wade,Tyler,hitter,156,0,1/14/2025 8:10,1/16/2025 20:10,1,"400,000"
SFG,Casali,Curt,hitter,125,0,1/14/2025 8:10,1/16/2025 20:10,1,"400,000"
HOU,Valdez,Framber,pitcher,0,176,1/14/2025 8:10,1/16/2025 20:10,1,"20,991,198"
2TM,Rosario,Eddie,hitter,319,0,1/14/2025 8:10,1/16/2025 20:10,1,"412,800"
LAA,Marte,Jose,pitcher,0,19,1/14/2025 8:10,1/16/2025 20:10,1,"400,000"
KCR,Lyles,Jordan,pitcher,0,5,1/14/2025 8:10,1/16/2025 20:10,1,"400,000"
STL,Crawford,Brandon,hitter,80,0,1/14/2025 8:10,1/16/2025 20:10,1,"400,000"
NYY,Burdi,Nick,pitcher,0,9,1/14/2025 8:10,1/16/2025 20:10,1,"400,000"
SDP,Gillaspie,Logan,pitcher,0,11,1/14/2025 8:20,1/16/2025 20:20,1,"400,000"
HOU,Pressly,Ryan,pitcher,0,56,1/14/2025 8:20,1/16/2025 20:20,1,"1,461,576"
2TM,Junk,Janson,pitcher,0,8,1/14/2025 8:20,1/16/2025 20:20,1,"400,000"
TOR,Lukes,Nathan,hitter,91,0,1/14/2025 8:20,1/16/2025 20:20,1,"400,000"
HOU,Kessinger,Grae,hitter,25,0,1/14/2025 8:20,1/16/2025 20:20,1,"400,000"
BOS,Hill,Rich,pitcher,0,3,1/14/2025 8:20,1/16/2025 20:20,1,"400,000"
ARI,Sewald,Paul,pitcher,0,39,1/14/2025 8:20,1/16/2025 20:20,1,"400,000"
WSN,Blankenhorn,Travis,hitter,32,0,1/14/2025 8:20,1/16/2025 20:20,1,"400,000"
2TM,Goodrum,Niko,hitter,33,0,1/14/2025 8:20,1/16/2025 20:20,1,"400,000"
NYM,Stewart,DJ,hitter,194,0,1/14/2025 8:30,1/16/2025 20:30,1,"400,000"
MIL,Miller,Owen,hitter,27,0,1/14/2025 8:30,1/16/2025 20:30,1,"400,000"
COL,Bouchard,Sean,hitter,108,0,1/14/2025 8:30,1/16/2025 20:30,1,"400,000"
2TM,Turner,Justin,hitter,539,0,1/14/2025 8:30,1/16/2025 20:30,1,"5,709,025"
STL,Donovan,Brendan,hitter,652,0,1/14/2025 8:30,1/16/2025 20:30,1,"6,478,599"
2TM,Reyes,Pablo,hitter,64,0,1/14/2025 8:30,1/16/2025 20:30,1,"400,000"
ARI,Castro,Miguel,pitcher,0,13,1/14/2025 8:30,1/16/2025 20:30,1,"400,000"
CHW,Kuhl,Chad,pitcher,0,53,1/14/2025 8:30,1/16/2025 20:30,1,"400,000"
TEX,Yates,Kirby,pitcher,0,61,1/15/2025 8:00,1/17/2025 20:00,2,"6,090,317"
NYM,Alvarez,Eddy,hitter,11,0,1/15/2025 8:00,1/17/2025 20:00,1,"400,000"
PIT,Fleming,Josh,pitcher,0,31,1/15/2025 8:00,1/17/2025 20:00,1,"400,000"
PIT,Borucki,Ryan,pitcher,0,11,1/15/2025 8:00,1/17/2025 20:00,1,"400,000"
LAD,Ramirez,Nick,pitcher,0,13,1/15/2025 8:00,1/17/2025 20:00,1,"400,000"
COL,Carasiti,Matt,pitcher,0,8,1/15/2025 8:00,1/17/2025 20:00,1,"400,000"
LAA,Moore,Matt,pitcher,0,48,1/15/2025 8:00,1/17/2025 20:00,1,"400,000"
PIT,Grandal,Yasmani,hitter,243,0,1/15/2025 8:00,1/17/2025 20:00,1,"400,000"
PHI,Mercado,Michael,pitcher,0,13,1/15/2025 8:00,1/17/2025 20:00,1,"400,000"
OAK,Brooks,Aaron,pitcher,0,26,1/15/2025 8:10,1/17/2025 20:10,1,"400,000"
LAA,Tucker,Cole,hitter,57,0,1/15/2025 8:10,1/17/2025 20:10,1,"400,000"
NYY,Maciejewski,Josh,pitcher,0,7,1/15/2025 8:10,1/17/2025 20:10,1,"400,000"
CIN,Busenitz,Alan,pitcher,0,4,1/15/2025 8:10,1/17/2025 20:10,1,"400,000"
CHC,Gomes,Yan,hitter,96,0,1/15/2025 8:10,1/17/2025 20:10,1,"400,000"
2TM,Nittoli,Vinny,pitcher,0,12,1/15/2025 8:10,1/17/2025 20:10,1,"400,000"
TOR,Serven,Brian,hitter,71,0,1/15/2025 8:10,1/17/2025 20:10,1,"400,000"
LAA,Mederos,Victor,pitcher,0,5,1/15/2025 8:10,1/17/2025 20:10,1,"400,000"
ARI,Martinez,Justin,pitcher,0,72,1/15/2025 8:10,1/17/2025 20:10,1,"2,885,053"
COL,Rogers,Josh,pitcher,0,11,1/15/2025 8:20,1/17/2025 20:20,1,"400,000"
MIA,Ramirez,Emmanuel,pitcher,0,20,1/15/2025 8:20,1/17/2025 20:20,1,"400,000"
SEA,Urias,Luis,hitter,109,0,1/15/2025 8:20,1/17/2025 20:20,1,"400,000"
SEA,Crawford,J.P.,hitter,451,0,1/15/2025 8:20,1/17/2025 20:20,1,"3,649,260"
SEA,Vosler,Jason,hitter,30,0,1/15/2025 8:20,1/17/2025 20:20,1,"400,000"
MIN,Staumont,Josh,pitcher,0,24,1/15/2025 8:20,1/17/2025 20:20,1,"400,000"
3TM,Pham,Tommy,hitter,478,0,1/15/2025 8:20,1/17/2025 20:20,1,"410,000"
SEA,Rivas,Leo,hitter,86,0,1/15/2025 8:20,1/17/2025 20:20,1,"400,000"
2TM,Diaz,Aledmys,hitter,34,0,1/15/2025 8:20,1/17/2025 20:20,1,"400,000"
SFG,Teng,Kai-Wei,pitcher,0,11,1/15/2025 8:30,1/17/2025 20:30,1,"400,000"
2TM,Ramirez,Harold,hitter,246,0,1/15/2025 8:30,1/17/2025 20:30,1,"410,000"
MIA,Sanchez,Ali,hitter,96,0,1/15/2025 8:30,1/17/2025 20:30,1,"400,000"
NYM,Walker,Josh,pitcher,0,12,1/15/2025 8:30,1/17/2025 20:30,1,"400,000"
2TM,Hernandez,Elieser,pitcher,0,15,1/15/2025 8:30,1/17/2025 20:30,1,"400,000"
CIN,Buchanan,David,pitcher,0,3,1/15/2025 8:30,1/17/2025 20:30,1,"400,000"
CHW,Shaw,Bryan,pitcher,0,4,1/15/2025 8:30,1/17/2025 20:30,1,"400,000"
TEX,Church,Marc,pitcher,0,1,1/15/2025 8:30,1/17/2025 20:30,1,"400,000"
TEX,Robertson,David,pitcher,0,72,1/16/2025 8:00,1/18/2025 20:00,2,"5,976,886"
PHI,Nelson,Nick,pitcher,0,5,1/16/2025 8:00,1/18/2025 20:00,1,"400,000"
3TM,Short,Zack,hitter,88,0,1/16/2025 8:00,1/18/2025 20:00,1,"400,000"
PIT,Mattson,Isaac,pitcher,0,5,1/16/2025 8:00,1/18/2025 20:00,1,"400,000"
SDP,Edwards Jr.,Carl,pitcher,0,0,1/16/2025 8:00,1/18/2025 20:00,1,"400,000"
COL,Montero,Elehuris,hitter,247,0,1/16/2025 8:00,1/18/2025 20:00,1,"400,000"
TOR,Burr,Ryan,pitcher,0,32,1/16/2025 8:00,1/18/2025 20:00,1,"400,000"
LAD,Kershaw,Clayton,pitcher,0,30,1/16/2025 8:00,1/18/2025 20:00,1,"400,000"
CIN,Thompson,Bubba,hitter,18,0,1/16/2025 8:00,1/18/2025 20:00,1,"400,000"
2TM,Neris,Hector,pitcher,0,59,1/16/2025 8:10,1/18/2025 20:10,1,"814,450"
MIL,Adames,Willy,hitter,688,0,1/16/2025 8:10,1/18/2025 20:10,1,"5,867,952"
MIA,Emanuel,Kent,pitcher,0,17,1/16/2025 8:10,1/18/2025 20:10,1,"400,000"
BAL,Vespi,Nick,pitcher,0,12,1/16/2025 8:10,1/18/2025 20:10,1,"400,000"
WSN,Corbin,Patrick,pitcher,0,174,1/16/2025 8:10,1/18/2025 20:10,1,"400,000"
STL,Fermin,Jose,hitter,79,0,1/16/2025 8:10,1/18/2025 20:10,1,"400,000"
HOU,Contreras,Luis,pitcher,0,6,1/16/2025 8:10,1/18/2025 20:10,1,"400,000"
CHW,Toussaint,Touki,pitcher,0,23,1/16/2025 8:10,1/18/2025 20:10,1,"400,000"
LAA,Plesac,Zach,pitcher,0,12,1/16/2025 8:10,1/18/2025 20:10,1,"400,000"
LAA,Hiura,Keston,hitter,27,0,1/16/2025 8:20,1/18/2025 20:20,1,"400,000"
MIA,Bermúdez,Jonathan,pitcher,0,6,1/16/2025 8:20,1/18/2025 20:20,1,"400,000"
NYY,Bickford,Phil,pitcher,0,8,1/16/2025 8:20,1/18/2025 20:20,1,"400,000"
COL,Hartlieb,Geoff,pitcher,0,9,1/16/2025 8:20,1/18/2025 20:20,1,"400,000"
PIT,Bae,Ji Hwan,hitter,81,0,1/16/2025 8:20,1/18/2025 20:20,1,"400,000"
2TM,Heyward,Jason,hitter,258,0,1/16/2025 8:20,1/18/2025 20:20,1,"872,716"
NYM,Raley,Brooks,pitcher,0,7,1/16/2025 8:20,1/18/2025 20:20,1,"400,000"
NYY,Effross,Scott,pitcher,0,3,1/16/2025 8:20,1/18/2025 20:20,1,"400,000"
SEA,Bolton,Cody,pitcher,0,18,1/16/2025 8:20,1/18/2025 20:20,1,"400,000"
WSN,Meneses,Joey,hitter,313,0,1/16/2025 8:30,1/18/2025 20:30,1,"400,000"
4TM,Ramirez,Yohan,pitcher,0,45,1/16/2025 8:30,1/18/2025 20:30,1,"400,000"
KCR,Sauer,Matt,pitcher,0,16,1/16/2025 8:30,1/18/2025 20:30,1,"400,000"
SDP,Azocar,Jose,hitter,79,0,1/16/2025 8:30,1/18/2025 20:30,1,"400,000"
MIN,Headrick,Brent,pitcher,0,3,1/16/2025 8:30,1/18/2025 20:30,1,"400,000"
COL,Blackmon,Charlie,hitter,499,0,1/16/2025 8:30,1/18/2025 20:30,1,"410,000"
2TM,Heineman,Tyler,hitter,16,0,1/16/2025 8:30,1/18/2025 20:30,1,"400,000"
CHC,Kilian,Caleb,pitcher,0,10,1/16/2025 8:30,1/18/2025 20:30,1,"400,000"
ATL,Jimenez,Joe,pitcher,0,68,1/17/2025 8:00,1/19/2025 20:00,2,"4,216,784"
TOR,Nance,Tommy,pitcher,0,22,1/17/2025 8:00,1/19/2025 20:00,1,"400,000"
KCR,Frazier,Adam,hitter,294,0,1/17/2025 8:00,1/19/2025 20:00,1,"408,000"
PIT,Delay,Jason,hitter,19,0,1/17/2025 8:00,1/19/2025 20:00,1,"400,000"
SEA,Diaz,Jhonathan,pitcher,0,9,1/17/2025 8:00,1/19/2025 20:00,1,"400,000"
PHI,Ruiz,Jose,pitcher,0,51,1/17/2025 8:00,1/19/2025 20:00,1,"400,000"
SFG,Walton,Donovan,hitter,25,0,1/17/2025 8:00,1/19/2025 20:00,1,"400,000"
STL,Lynn,Lance,pitcher,0,117,1/17/2025 8:00,1/19/2025 20:00,1,"400,000"
MIN,Winder,Josh,pitcher,0,9,1/17/2025 8:00,1/19/2025 20:00,1,"400,000"
LAA,Lopez,Jack,hitter,71,0,1/17/2025 8:10,1/19/2025 20:10,1,"400,000"
SFG,Warren,Austin,pitcher,0,10,1/17/2025 8:10,1/19/2025 20:10,1,"400,000"
CLE,Gose,Anthony,pitcher,0,4,1/17/2025 8:10,1/19/2025 20:10,1,"400,000"
TBR,Jackson,Alex,hitter,155,0,1/17/2025 8:10,1/19/2025 20:10,1,"400,000"
HOU,Speas,Alex,pitcher,0,2,1/17/2025 8:10,1/19/2025 20:10,1,"400,000"
PIT,Stratton,Hunter,pitcher,0,37,1/17/2025 8:10,1/19/2025 20:10,1,"400,000"
CLE,Bieber,Shane,pitcher,0,12,1/17/2025 8:10,1/19/2025 20:10,1,"400,000"
PIT,Keller,Mitch,pitcher,0,178,1/17/2025 8:10,1/19/2025 20:10,1,"11,642,439"
MIL,Miley,Wade,pitcher,0,7,1/17/2025 8:10,1/19/2025 20:10,1,"400,000"
TBR,Poche,Colin,pitcher,0,37,1/17/2025 8:20,1/19/2025 20:20,1,"400,000"
LAA,Rosenberg,Kenny,pitcher,0,24,1/17/2025 8:20,1/19/2025 20:20,1,"400,000"
CHW,Remillard,Zach,hitter,39,0,1/17/2025 8:20,1/19/2025 20:20,1,"400,000"
COL,Jones,Greg,hitter,6,0,1/17/2025 8:20,1/19/2025 20:20,1,"400,000"
BOS,Jansen,Kenley,pitcher,0,54,1/17/2025 8:20,1/19/2025 20:20,1,"4,370,414"
MIA,Andriese,Matt,pitcher,0,6,1/17/2025 8:20,1/19/2025 20:20,1,"400,000"
MIN,Vazquez,Christian,hitter,315,0,1/17/2025 8:20,1/19/2025 20:20,1,"420,000"
ATL,Dodd,Dylan,pitcher,0,2,1/17/2025 8:20,1/19/2025 20:20,1,"400,000"
TEX,Harris,Dustin,hitter,7,0,1/17/2025 8:20,1/19/2025 20:20,1,"400,000"
HOU,Henley,Blair,pitcher,0,0,1/17/2025 8:30,1/19/2025 20:30,1,"400,000"
SDP,Batten,Matthew,hitter,3,0,1/17/2025 8:30,1/19/2025 20:30,1,"400,000"
CHW,Berroa,Prelander,pitcher,0,19,1/17/2025 8:30,1/19/2025 20:30,1,"400,000"
SDP,Brito,Jhony,pitcher,0,43,1/17/2025 8:30,1/19/2025 20:30,1,"400,000"
CHW,Leone,Dominic,pitcher,0,19,1/17/2025 8:30,1/19/2025 20:30,1,"400,000"
PHI,Gilbert,Tyler,pitcher,0,8,1/17/2025 8:30,1/19/2025 20:30,1,"400,000"
SEA,Zavala,Seby,hitter,43,0,1/17/2025 8:30,1/19/2025 20:30,1,"400,000"
HOU,Coleman,Dylan,pitcher,0,1,1/17/2025 8:30,1/19/2025 20:30,1,"400,000"
ARI,Ginkel,Kevin,pitcher,0,70,1/18/2025 8:00,1/20/2025 20:00,2,"2,982,076"
MIN,Jackson,Jay,pitcher,0,26,1/18/2025 8:00,1/20/2025 20:00,1,"400,000"
PHI,Garcia,Aramis,hitter,7,0,1/18/2025 8:00,1/20/2025 20:00,1,"400,000"
TEX,Jankowski,Travis,hitter,207,0,1/18/2025 8:00,1/20/2025 20:00,1,"400,000"
TOR,Rodriguez,Yariel,pitcher,0,86,1/18/2025 8:00,1/20/2025 20:00,1,"400,000"
NYM,Hudson,Joe,hitter,0,0,1/18/2025 8:00,1/20/2025 20:00,1,"400,000"
2TM,Selby,Colin,pitcher,0,7,1/18/2025 8:00,1/20/2025 20:00,1,"400,000"
ATL,Fletcher,David,hitter,9,0,1/18/2025 8:00,1/20/2025 20:00,1,"400,000"
MIA,Chirinos,Yonny,pitcher,0,30,1/18/2025 8:00,1/20/2025 20:00,1,"400,000"
TOR,Bassitt,Chris,pitcher,0,171,1/18/2025 8:10,1/20/2025 20:10,1,"6,413,400"
NYM,Narvaez,Omar,hitter,69,0,1/18/2025 8:10,1/20/2025 20:10,1,"400,000"
ATL,Stephens,Jackson,pitcher,0,3,1/18/2025 8:10,1/20/2025 20:10,1,"400,000"
MIA,Anderson,Tim,hitter,241,0,1/18/2025 8:10,1/20/2025 20:10,1,"400,000"
LAA,Strickland,Hunter,pitcher,0,73,1/18/2025 8:10,1/20/2025 20:10,1,"420,000"
HOU,Abreu,Jose,hitter,120,0,1/18/2025 8:10,1/20/2025 20:10,1,"400,000"
BOS,Rodriguez,Joely,pitcher,0,13,1/18/2025 8:10,1/20/2025 20:10,1,"400,000"
CHC,Mastrobuoni,Miles,hitter,106,0,1/18/2025 8:10,1/20/2025 20:10,1,"400,000"
HOU,Hummel,Cooper,hitter,8,0,1/18/2025 8:10,1/20/2025 20:10,1,"400,000"
ATL,Herget,Jimmy,pitcher,0,12,1/18/2025 8:20,1/20/2025 20:20,1,"400,000"
MIL,Roller,Chris,hitter,1,0,1/18/2025 8:20,1/20/2025 20:20,1,"400,000"
3TM,Biggio,Cavan,hitter,224,0,1/18/2025 8:20,1/20/2025 20:20,1,"400,000"
KCR,Duffey,Tyler,pitcher,0,9,1/18/2025 8:20,1/20/2025 20:20,1,"400,000"
PIT,Heller,Ben,pitcher,0,12,1/18/2025 8:20,1/20/2025 20:20,1,"400,000"
PIT,Palacios,Joshua,hitter,78,0,1/18/2025 8:20,1/20/2025 20:20,1,"400,000"
MIA,Bellozo,Valente,pitcher,0,68,1/18/2025 8:20,1/20/2025 20:20,1,"400,000"
LAA,Ward,Taylor,hitter,663,0,1/18/2025 8:20,1/20/2025 20:20,1,"5,185,292"
2TM,Paredes,Enoli,pitcher,0,21,1/18/2025 8:20,1/20/2025 20:20,1,"400,000"
LAA,Miller,Ryan,pitcher,0,13,1/18/2025 8:30,1/20/2025 20:30,1,"400,000"
2TM,Sulser,Cole,pitcher,0,16,1/18/2025 8:30,1/20/2025 20:30,1,"400,000"
LAD,Edman,Tommy,hitter,153,0,1/18/2025 8:30,1/20/2025 20:30,1,"400,000"
COL,Koch,Matt,pitcher,0,0,1/18/2025 8:30,1/20/2025 20:30,1,"400,000"
CIN,Capel,Conner,hitter,8,0,1/18/2025 8:30,1/20/2025 20:30,1,"400,000"
COL,Curtiss,John,pitcher,0,2,1/18/2025 8:30,1/20/2025 20:30,1,"400,000"
CIN,Jordan,Levi,hitter,11,0,1/18/2025 8:30,1/20/2025 20:30,1,"400,000"
SDP,Sullivan,Brett,hitter,17,0,1/18/2025 8:30,1/20/2025 20:30,1,"400,000"
CIN,Farmer,Buck,pitcher,0,71,1/19/2025 8:00,1/21/2025 20:00,2,"2,831,108"
CHC,Mervis,Matt,hitter,28,0,1/19/2025 8:00,1/21/2025 20:00,1,"400,000"
2TM,Ferguson,Caleb,pitcher,0,54,1/19/2025 8:00,1/21/2025 20:00,1,"410,000"
WSN,Garrett,Stone,hitter,6,0,1/19/2025 8:00,1/21/2025 20:00,1,"400,000"
SDP,Peralta,David,hitter,260,0,1/19/2025 8:00,1/21/2025 20:00,1,"414,000"
TBR,Brantly,Rob,hitter,9,0,1/19/2025 8:00,1/21/2025 20:00,1,"400,000"
CLE,Beede,Tyler,pitcher,0,14,1/19/2025 8:00,1/21/2025 20:00,1,"400,000"
PIT,German,Domingo,pitcher,0,20,1/19/2025 8:00,1/21/2025 20:00,1,"400,000"
BOS,Uwasawa,Naoyuki,pitcher,0,4,1/19/2025 8:00,1/21/2025 20:00,1,"400,000"
OAK,Wood,Alex,pitcher,0,39,1/19/2025 8:10,1/21/2025 20:10,1,"400,000"
SFG,Hjelle,Sean,pitcher,0,80,1/19/2025 8:10,1/21/2025 20:10,1,"400,000"
2TM,Petersen,Michael,pitcher,0,19,1/19/2025 8:10,1/21/2025 20:10,1,"400,000"
MIL,Bukauskas,JB,pitcher,0,6,1/19/2025 8:10,1/21/2025 20:10,1,"400,000"
CHC,Vazquez,Luis,hitter,14,0,1/19/2025 8:10,1/21/2025 20:10,1,"400,000"
BOS,Gasper,Mickey,hitter,23,0,1/19/2025 8:10,1/21/2025 20:10,1,"400,000"
LAA,Cimber,Adam,pitcher,0,24,1/19/2025 8:10,1/21/2025 20:10,1,"400,000"
BOS,Booser,Cam,pitcher,0,42,1/19/2025 8:10,1/21/2025 20:10,1,"400,000"
KCR,Stratton,Chris,pitcher,0,58,1/19/2025 8:10,1/21/2025 20:10,1,"400,000"
2TM,Cuas,Jose,pitcher,0,16,1/19/2025 8:20,1/21/2025 20:20,1,"400,000"
2TM,Stanek,Ryne,pitcher,0,55,1/19/2025 8:20,1/21/2025 20:20,1,"400,000"
NYM,Lucchesi,Joey,pitcher,0,10,1/19/2025 8:20,1/21/2025 20:20,1,"400,000"
KCR,Alexander,CJ,hitter,8,0,1/19/2025 8:20,1/21/2025 20:20,1,"400,000"
SDP,Kolek,Stephen,pitcher,0,46,1/19/2025 8:20,1/21/2025 20:20,1,"400,000"
SDP,Davis,Austin,pitcher,0,7,1/19/2025 8:20,1/21/2025 20:20,1,"400,000"
TEX,Garabito,Gerson,pitcher,0,26,1/19/2025 8:20,1/21/2025 20:20,1,"400,000"
HOU,Salazar,Ceasar,hitter,32,0,1/19/2025 8:20,1/21/2025 20:20,1,"400,000"
ATL,d'Arnaud,Travis,hitter,341,0,1/19/2025 8:20,1/21/2025 20:20,1,"1,434,930"
LAA,Quijada,Jose,pitcher,0,19,1/19/2025 8:30,1/21/2025 20:30,1,"400,000"
2TM,Howard,Spencer,pitcher,0,29,1/19/2025 8:30,1/21/2025 20:30,1,"400,000"
2TM,Nido,Tomos,hitter,140,0,1/19/2025 8:30,1/21/2025 20:30,1,"400,000"
CIN,Candelario,Jeimer,hitter,463,0,1/19/2025 8:30,1/21/2025 20:30,1,"760,810"
COL,Lawrence,Justin,pitcher,0,59,1/19/2025 8:30,1/21/2025 20:30,1,"400,000"
BAL,Baker,Bryan,pitcher,0,23,1/19/2025 8:30,1/21/2025 20:30,1,"400,000"
COL,Senzatela,Antonio,pitcher,0,12,1/19/2025 8:30,1/21/2025 20:30,1,"400,000"
ATL,Williams,Luke,hitter,52,0,1/20/2025 8:00,1/22/2025 20:00,1,"400,000"
SDP,McCoy,Mason,hitter,57,0,1/20/2025 8:00,1/22/2025 20:00,1,"400,000"
CIN,Pagan,Emilio,pitcher,0,38,1/20/2025 8:00,1/22/2025 20:00,1,"400,000"
2TM,Irvin,Cole,pitcher,0,111,1/20/2025 8:00,1/22/2025 20:00,1,"400,000"
ARI,Nelson,Kyle,pitcher,0,10,1/20/2025 8:00,1/22/2025 20:00,1,"400,000"
LAA,Campero,Gustavo,hitter,48,0,1/20/2025 8:00,1/22/2025 20:00,1,"400,000"
OAK,Stripling,Ross,pitcher,0,85,1/20/2025 8:00,1/22/2025 20:00,1,"400,000"
LAD,Brasier,Ryan,pitcher,0,28,1/20/2025 8:00,1/22/2025 20:00,1,"400,000"
SFG,Knapp,Andrew,hitter,6,0,1/20/2025 8:00,1/22/2025 20:00,1,"400,000"
2TM,Wingenter,Trey,pitcher,0,8,1/20/2025 8:10,1/22/2025 20:10,1,"400,000"
BAL,Suarez,Albert,pitcher,0,133,1/20/2025 8:10,1/22/2025 20:10,1,"1,249,476"
CHW,Shewmake,Braden,hitter,67,0,1/20/2025 8:10,1/22/2025 20:10,1,"400,000"
PHI,Marte,Yunior,pitcher,0,26,1/20/2025 8:10,1/22/2025 20:10,1,"400,000"
2TM,Anderson,Chase,pitcher,0,58,1/20/2025 8:10,1/22/2025 20:10,1,"400,000"
PIT,Olivares,Edward,hitter,196,0,1/20/2025 8:10,1/22/2025 20:10,1,"400,000"
KCR,Altavilla,Dan,pitcher,0,3,1/20/2025 8:10,1/22/2025 20:10,1,"400,000"
ARI,Barnhart,Tucker,hitter,96,0,1/20/2025 8:10,1/22/2025 20:10,1,"400,000"
MIL,Hicklen,Brewer,hitter,5,0,1/20/2025 8:10,1/22/2025 20:10,1,"400,000"
LAA,Cisnero,Jose,pitcher,0,15,1/20/2025 8:20,1/22/2025 20:20,1,"400,000"
NYM,Reid-Foley,Sean,pitcher,0,21,1/20/2025 8:20,1/22/2025 20:20,1,"400,000"
LAA,Zuniga,Guillo,pitcher,0,17,1/20/2025 8:20,1/22/2025 20:20,1,"400,000"
COL,Kinley,Tyler,pitcher,0,64,1/20/2025 8:20,1/22/2025 20:20,1,"400,000"
CHC,Madrigal,Nick,hitter,94,0,1/20/2025 8:20,1/22/2025 20:20,1,"400,000"
3TM,White,Mitch,pitcher,0,23,1/20/2025 8:20,1/22/2025 20:20,1,"400,000"
LAD,Kelly,Joe,pitcher,0,32,1/20/2025 8:20,1/22/2025 20:20,1,"400,000"
CLE,Rodriguez,Johnathan,hitter,40,0,1/20/2025 8:20,1/22/2025 20:20,1,"400,000"
LAD,Taylor,Chris,hitter,246,0,1/20/2025 8:20,1/22/2025 20:20,1,"410,000"
2TM,Soto,Livan,hitter,16,0,1/20/2025 8:30,1/22/2025 20:30,1,"400,000"
CHW,Foster,Matt,pitcher,0,6,1/20/2025 8:30,1/22/2025 20:30,1,"400,000"
MIL,Zastryzny,Rob,pitcher,0,7,1/20/2025 8:30,1/22/2025 20:30,1,"400,000"
MIA,Tyler,Kyle,pitcher,0,31,1/20/2025 8:30,1/22/2025 20:30,1,"400,000"
SDP,Johnson,Bryce,hitter,73,0,1/20/2025 8:30,1/22/2025 20:30,1,"400,000"
OAK,O'Loughlin,Jack,pitcher,0,9,1/20/2025 8:30,1/22/2025 20:30,1,"400,000"
ARI,Kelly,Merrill,pitcher,0,73,1/20/2025 8:30,1/22/2025 20:30,1,"8,170,701"
WSN,Weems,Jordan,pitcher,0,41,1/20/2025 8:30,1/22/2025 20:30,1,"400,000"
2TM,Urshela,Gio,hitter,461,0,1/21/2025 8:00,1/23/2025 20:00,1,"877,695"
DET,Hurter,Brant,pitcher,0,45,1/21/2025 8:00,1/23/2025 20:00,1,"400,000"
SFG,Lee,Jung Hoo,hitter,158,0,1/21/2025 8:00,1/23/2025 20:00,1,"400,000"
ARI,Peterson,Jace,hitter,26,0,1/21/2025 8:00,1/23/2025 20:00,1,"400,000"
LAD,Lamet,Dinelson,pitcher,0,4,1/21/2025 8:00,1/23/2025 20:00,1,"400,000"
MIA,Garcia,Avisail,hitter,51,0,1/21/2025 8:00,1/23/2025 20:00,1,"400,000"
BAL,Bańuelos,David,hitter,1,0,1/21/2025 8:00,1/23/2025 20:00,1,"400,000"
CIN,Rios,Edwin,hitter,10,0,1/21/2025 8:00,1/23/2025 20:00,1,"400,000"
CIN,Gibaut,Ian,pitcher,0,2,1/21/2025 8:00,1/23/2025 20:00,1,"400,000"
COL,Freeland,Kyle,pitcher,0,113,1/21/2025 8:10,1/23/2025 20:10,1,"610,327"
LAA,Kristofak,Zac,pitcher,0,2,1/21/2025 8:10,1/23/2025 20:10,1,"400,000"
TOR,De Los Santos,Luis,hitter,31,0,1/21/2025 8:10,1/23/2025 20:10,1,"400,000"
TEX,Scherzer,Max,pitcher,0,43,1/21/2025 8:10,1/23/2025 20:10,1,"400,000"
TOR,Gausman,Kevin,pitcher,0,181,1/21/2025 8:10,1/23/2025 20:10,1,"14,690,369"
MIA,Devers,Jose Rodolfo,hitter,4,0,1/21/2025 8:10,1/23/2025 20:10,1,"400,000"
WSN,Barnes,Matt,pitcher,0,13,1/21/2025 8:10,1/23/2025 20:10,1,"400,000"
SEA,Marlowe,Cade,hitter,9,0,1/21/2025 8:10,1/23/2025 20:10,1,"400,000"
CHW,Robinson,Chuckie,hitter,76,0,1/21/2025 8:10,1/23/2025 20:10,1,"400,000"
MIN,Castillo,Diego Samana,pitcher,0,10,1/21/2025 8:20,1/23/2025 20:20,1,"400,000"
CHC,Smyly,Drew,pitcher,0,58,1/21/2025 8:20,1/23/2025 20:20,1,"410,000"
SFG,Villar,David,hitter,37,0,1/21/2025 8:20,1/23/2025 20:20,1,"400,000"
LAD,Treinen,Blake,pitcher,0,46,1/21/2025 8:20,1/23/2025 20:20,1,"400,000"
STL,Mikolas,Miles,pitcher,0,171,1/21/2025 8:20,1/23/2025 20:20,1,"5,302,347"
3TM,Tinoco,Jesus,pitcher,0,40,1/21/2025 8:20,1/23/2025 20:20,1,"400,000"
NYM,Teheran,Julio,pitcher,0,2,1/21/2025 8:20,1/23/2025 20:20,1,"400,000"
LAA,Garrett,Amir,pitcher,0,5,1/21/2025 8:20,1/23/2025 20:20,1,"400,000"
NYM,Iglesias,Jose,hitter,291,0,1/21/2025 8:20,1/23/2025 20:20,1,"3,656,039"
CIN,Martini,Nick,hitter,163,0,1/21/2025 8:30,1/23/2025 20:30,1,"400,000"
KCR,Blanco,Dairon,hitter,132,0,1/21/2025 8:30,1/23/2025 20:30,1,"400,000"
CHC,Brewer,Colten,pitcher,0,20,1/21/2025 8:30,1/23/2025 20:30,1,"400,000"
WSN,La Sorsa,Joe,pitcher,0,17,1/21/2025 8:30,1/23/2025 20:30,1,"400,000"
NYM,Martinez,J.D.,hitter,495,0,1/21/2025 8:30,1/23/2025 20:30,1,"625,953"
TOR,Romano,Jordan,pitcher,0,13,1/21/2025 8:30,1/23/2025 20:30,1,"400,000"
HOU,Hernandez,Nick,pitcher,0,8,1/21/2025 8:30,1/23/2025 20:30,1,"400,000"
2TM,Festa,Matt,pitcher,0,23,1/21/2025 8:30,1/23/2025 20:30,1,"400,000"
SFG,Brooks,Trenton,hitter,29,0,1/22/2025 8:00,1/24/2025 20:00,1,"400,000"
NYY,Smith,Kevin,hitter,0,0,1/22/2025 8:00,1/24/2025 20:00,1,"400,000"
2TM,Jacques,Joe,pitcher,0,3,1/22/2025 8:00,1/24/2025 20:00,1,"400,000"
OAK,Alvarez,Armando,hitter,39,0,1/22/2025 8:00,1/24/2025 20:00,1,"400,000"
WSN,Ribalta,Orlando,pitcher,0,3,1/22/2025 8:00,1/24/2025 20:00,1,"400,000"
PHI,Dahl,David,hitter,62,0,1/22/2025 8:00,1/24/2025 20:00,1,"400,000"
SEA,Snead,Kirby,pitcher,0,10,1/22/2025 8:00,1/24/2025 20:00,1,"400,000"
OAK,Newcomb,Sean,pitcher,0,10,1/22/2025 8:00,1/24/2025 20:00,1,"400,000"
2TM,Brogdon,Connor,pitcher,0,3,1/22/2025 8:00,1/24/2025 20:00,1,"400,000"
NYM,Smith,Drew,pitcher,0,17,1/22/2025 8:10,1/24/2025 20:10,1,"400,000"
CIN,Kelly,Casey,pitcher,0,5,1/22/2025 8:10,1/24/2025 20:10,1,"400,000"
PHI,Phillips,Tyler,pitcher,0,36,1/22/2025 8:10,1/24/2025 20:10,1,"400,000"
BAL,Kemp,Tony,hitter,10,0,1/22/2025 8:10,1/24/2025 20:10,1,"400,000"
ATL,Hernandez,Daysbel,pitcher,0,18,1/22/2025 8:10,1/24/2025 20:10,1,"400,000"
2TM,Soler,Jorge,hitter,574,0,1/22/2025 8:10,1/24/2025 20:10,1,"1,175,475"
TEX,Robert,Daniel,pitcher,0,5,1/22/2025 8:10,1/24/2025 20:10,1,"400,000"
BAL,Johnson,Daniel,hitter,1,0,1/22/2025 8:10,1/24/2025 20:10,1,"400,000"
COL,Shreve,Chasen,pitcher,0,1,1/22/2025 8:10,1/24/2025 20:10,1,"400,000"
MIN,Castillo,Diego Alejandro,hitter,8,0,1/22/2025 8:20,1/24/2025 20:20,1,"400,000"
MIA,McMillon,John,pitcher,0,12,1/22/2025 8:20,1/24/2025 20:20,1,"400,000"
CLE,Strzelecki,Peter,pitcher,0,11,1/22/2025 8:20,1/24/2025 20:20,1,"400,000"
OAK,Otańez,Michel,pitcher,0,34,1/22/2025 8:20,1/24/2025 20:20,1,"400,000"
BAL,Kimbrel,Craig,pitcher,0,52,1/22/2025 8:20,1/24/2025 20:20,1,"400,000"
CIN,Antone,Tejay,pitcher,0,2,1/22/2025 8:20,1/24/2025 20:20,1,"400,000"
BAL,Krook,Matt,pitcher,0,1,1/22/2025 8:20,1/24/2025 20:20,1,"400,000"
COL,Lambert,Peter,pitcher,0,61,1/22/2025 8:20,1/24/2025 20:20,1,"400,000"
ATL,Winans,Allan,pitcher,0,7,1/22/2025 8:20,1/24/2025 20:20,1,"400,000"
PIT,Bruihl,Justin,pitcher,0,5,1/22/2025 8:30,1/24/2025 20:30,1,"400,000"
NYY,Cortes Jr.,Nestor,pitcher,0,174,1/22/2025 8:30,1/24/2025 20:30,1,"10,276,387"
NYM,Wendle,Joey,hitter,37,0,1/22/2025 8:30,1/24/2025 20:30,1,"400,000"
TEX,Knizner,Andrew,pitcher,0,3,1/22/2025 8:30,1/24/2025 20:30,1,"400,000"
2TM,Canha,Mark,hitter,462,0,1/22/2025 8:30,1/24/2025 20:30,1,"4,564,605"
2TM,Smith,Burch,pitcher,0,56,1/22/2025 8:30,1/24/2025 20:30,1,"400,000"
2TM,Hill,Tim,pitcher,0,67,1/22/2025 8:30,1/24/2025 20:30,1,"400,000"
LAA,Adrianza,Ehire,hitter,28,0,1/22/2025 8:30,1/24/2025 20:30,1,"400,000"
2TM,Bell,Josh,hitter,603,0,1/23/2025 8:00,1/25/2025 20:00,1,"416,000"
CHC,Bote,David,hitter,48,0,1/23/2025 8:00,1/25/2025 20:00,1,"400,000"
MIL,Herget,Kevin,pitcher,0,11,1/23/2025 8:00,1/25/2025 20:00,1,"400,000"
2TM,Hernandez,Jonathan,pitcher,0,43,1/23/2025 8:00,1/25/2025 20:00,1,"400,000"
BOS,Dalbec,Bobby,hitter,93,0,1/23/2025 8:00,1/25/2025 20:00,1,"400,000"
WSN,Willingham,Amos,pitcher,0,1,1/23/2025 8:00,1/25/2025 20:00,1,"400,000"
CLE,Florial,Estevan,hitter,111,0,1/23/2025 8:00,1/25/2025 20:00,1,"400,000"
TBR,Zuber,Tyler,pitcher,0,3,1/23/2025 8:00,1/25/2025 20:00,1,"400,000"
MIN,Dobnak,Randy,pitcher,0,9,1/23/2025 8:00,1/25/2025 20:00,1,"400,000"
PHI,Stubbs,Garrett,hitter,187,0,1/23/2025 8:10,1/25/2025 20:10,1,"400,000"
NYY,Gonzelez,Victor,pitcher,0,23,1/23/2025 8:10,1/25/2025 20:10,1,"400,000"
LAD,Yamamoto,Yoshinobu,pitcher,0,90,1/23/2025 8:10,1/25/2025 20:10,1,"3,689,199"
LAA,Wagaman,Eric,hitter,74,0,1/23/2025 8:10,1/25/2025 20:10,1,"400,000"
SDP,Cosgrove,Tom,pitcher,0,14,1/23/2025 8:10,1/25/2025 20:10,1,"400,000"
LAA,Suarez,Jose,pitcher,0,52,1/23/2025 8:10,1/25/2025 20:10,1,"400,000"
SFG,Reetz,Jakson,hitter,15,0,1/23/2025 8:10,1/25/2025 20:10,1,"400,000"
CLE,Cobb,Alex,pitcher,0,16,1/23/2025 8:10,1/25/2025 20:10,1,"400,000"
2TM,Kiermaier,Kevin,hitter,281,0,1/23/2025 8:10,1/25/2025 20:10,1,"1,944,385"
COL,Trejo,Alan,hitter,67,0,1/23/2025 8:20,1/25/2025 20:20,1,"400,000"
BAL,Heasley,Jonathan,pitcher,0,5,1/23/2025 8:20,1/25/2025 20:20,1,"400,000"
SEA,Haggerty,Sam,hitter,16,0,1/23/2025 8:20,1/25/2025 20:20,1,"400,000"
3TM,Armstrong,Shawn,pitcher,0,66,1/23/2025 8:20,1/25/2025 20:20,1,"1,024,946"
NYY,Poteet,Cody,pitcher,0,24,1/23/2025 8:20,1/25/2025 20:20,1,"400,000"
ATL,Morton,Charlie,pitcher,0,165,1/23/2025 8:20,1/25/2025 20:20,1,"6,486,734"
MIL,Meeker,James,pitcher,0,1,1/23/2025 8:20,1/25/2025 20:20,1,"400,000"
NYY,Loaisiga,Jonathan,pitcher,0,4,1/23/2025 8:20,1/25/2025 20:20,1,"400,000"
HOU,Whitley,Forrest,pitcher,0,3,1/23/2025 8:20,1/25/2025 20:20,1,"400,000"
PIT,Cook,Billy,hitter,49,0,1/23/2025 8:30,1/25/2025 20:30,1,"400,000"
ARI,Castellanos,Humberto,pitcher,0,10,1/23/2025 8:30,1/25/2025 20:30,1,"400,000"
MIN,Camargo,Jair,hitter,7,0,1/23/2025 8:30,1/25/2025 20:30,1,"400,000"
TOR,Eisert,Brandon,pitcher,0,6,1/23/2025 8:30,1/25/2025 20:30,1,"400,000"
OAK,Reyes,Gerardo,pitcher,0,4,1/23/2025 8:30,1/25/2025 20:30,1,"400,000"
CIN,Leibrandt,Brandon,pitcher,0,6,1/23/2025 8:30,1/25/2025 20:30,1,"400,000"
CHW,Benintendi,Andrew,hitter,522,0,1/23/2025 8:30,1/25/2025 20:30,1,"400,000"
CHC,Almonte,Yency,pitcher,0,15,1/23/2025 8:30,1/25/2025 20:30,1,"400,000"
2TM,Davis,J.D.,hitter,157,0,1/24/2025 8:00,1/26/2025 20:00,1,"400,000"
ATL,White,Eli,hitter,42,0,1/24/2025 8:00,1/26/2025 20:00,1,"400,000"
LAA,Kavadas,Niko,hitter,106,0,1/24/2025 8:00,1/26/2025 20:00,1,"400,000"
PIT,Feigl,Brady,pitcher,0,1,1/24/2025 8:00,1/26/2025 20:00,1,"400,000"
2TM,Gamel,Ben,hitter,99,0,1/24/2025 8:00,1/26/2025 20:00,1,"400,000"
WSN,Adon,Joan,pitcher,0,10,1/24/2025 8:00,1/26/2025 20:00,1,"400,000"
PIT,McKinney,Billy,hitter,28,0,1/24/2025 8:00,1/26/2025 20:00,1,"400,000"
OAK,Ferguson,Tyler,pitcher,0,51,1/24/2025 8:00,1/26/2025 20:00,1,"400,000"
DET,Maeda,Kenta,pitcher,0,112,1/24/2025 8:00,1/26/2025 20:00,1,"400,000"
KCR,Renfroe,Hunter,hitter,424,0,1/24/2025 8:10,1/26/2025 20:10,1,"400,000"
BAL,Davidson,Tucker,pitcher,0,4,1/24/2025 8:10,1/26/2025 20:10,1,"400,000"
STL,O'Brien,Riley,pitcher,0,8,1/24/2025 8:10,1/26/2025 20:10,1,"400,000"
2TM,Bielak,Brandon,pitcher,0,29,1/24/2025 8:10,1/26/2025 20:10,1,"400,000"
LAD,Muncy,Max,hitter,293,0,1/24/2025 8:10,1/26/2025 20:10,1,"6,937,491"
ATL,Holmes,Grant,pitcher,0,68,1/24/2025 8:10,1/26/2025 20:10,1,"1,666,579"
CLE,Straw,Myles,hitter,4,0,1/24/2025 8:10,1/26/2025 20:10,1,"400,000"
NYY,Berti,Jon,hitter,74,0,1/24/2025 8:10,1/26/2025 20:10,1,"400,000"
DET,Baez,Javier,hitter,289,0,1/24/2025 8:10,1/26/2025 20:10,1,"400,000"
CHW,Mendick,Danny,hitter,141,0,1/24/2025 8:20,1/26/2025 20:20,1,"400,000"
2TM,Frias,Luis,pitcher,0,9,1/24/2025 8:20,1/26/2025 20:20,1,"400,000"
DET,Madris,Bligh,hitter,75,0,1/24/2025 8:20,1/26/2025 20:20,1,"400,000"
BOS,Sogard,Nick,hitter,86,0,1/24/2025 8:20,1/26/2025 20:20,1,"400,000"
2TM,Mayza,Tim,pitcher,0,42,1/24/2025 8:20,1/26/2025 20:20,1,"400,000"
TOR,Heineman,Tyler,pitcher,0,1,1/24/2025 8:20,1/26/2025 20:20,1,"400,000"
TEX,Pruitt,Austin,pitcher,0,4,1/24/2025 8:20,1/26/2025 20:20,1,"400,000"
TOR,Espino,Paolo,pitcher,0,8,1/24/2025 8:20,1/26/2025 20:20,1,"400,000"
ATL,Martinez,J.P.,hitter,10,0,1/24/2025 8:20,1/26/2025 20:20,1,"400,000"
TEX,Duffy,Matt,hitter,10,0,1/24/2025 8:30,1/26/2025 20:30,1,"400,000"
PHI,Pinto,Ricardo,pitcher,0,10,1/24/2025 8:30,1/26/2025 20:30,1,"400,000"
2TM,Kuhnel,Joel,pitcher,0,10,1/24/2025 8:30,1/26/2025 20:30,1,"400,000"
DET,Lange,Alex,pitcher,0,18,1/24/2025 8:30,1/26/2025 20:30,1,"400,000"
CIN,Kravetz,Evan,pitcher,0,0,1/24/2025 8:30,1/26/2025 20:30,1,"400,000"
CIN,Santillan,Tony,pitcher,0,30,1/24/2025 8:30,1/26/2025 20:30,1,"400,000"
DET,Englert,Mason,pitcher,0,21,1/24/2025 8:30,1/26/2025 20:30,1,"400,000"
CIN,Wynns,Austin,hitter,20,0,1/24/2025 8:30,1/26/2025 20:30,1,"400,000"
2TM,Lovelady,Richard,pitcher,0,34,1/25/2025 8:00,1/27/2025 20:00,1,"400,000"
CHC,Hendricks,Kyle,pitcher,0,130,1/25/2025 8:00,1/27/2025 20:00,1,"400,000"
CLE,Walters,Andrew,pitcher,0,8,1/25/2025 8:00,1/27/2025 20:00,1,"400,000"
CHW,Maldonado,Martiin,hitter,147,0,1/25/2025 8:00,1/27/2025 20:00,1,"400,000"
2TM,Vargas,Miguel,hitter,237,0,1/25/2025 8:00,1/27/2025 20:00,1,"400,000"
BOS,Penrod,Zach,pitcher,0,4,1/25/2025 8:00,1/27/2025 20:00,1,"400,000"
NYY,Hamilton,Ian,pitcher,0,37,1/25/2025 8:00,1/27/2025 20:00,1,"400,000"
COL,Pint,Riley,pitcher,0,3,1/25/2025 8:00,1/27/2025 20:00,1,"400,000"
3TM,De Los Santos,Enyel,pitcher,0,64,1/25/2025 8:00,1/27/2025 20:00,1,"400,000"
NYM,Young,Danny,pitcher,0,37,1/25/2025 8:10,1/27/2025 20:10,1,"400,000"
HOU,Ort,Kaleb,pitcher,0,24,1/25/2025 8:10,1/27/2025 20:10,1,"400,000"
CHW,Ortega,Rafael,hitter,17,0,1/25/2025 8:10,1/27/2025 20:10,1,"400,000"
CIN,Wilson,Justin,pitcher,0,46,1/25/2025 8:10,1/27/2025 20:10,1,"400,000"
LAA,Silseth,Chase,pitcher,0,8,1/25/2025 8:10,1/27/2025 20:10,1,"400,000"
TBR,Waguespack,Jacob,pitcher,0,10,1/25/2025 8:10,1/27/2025 20:10,1,"400,000"
2TM,Young,Alex,pitcher,0,15,1/25/2025 8:10,1/27/2025 20:10,1,"400,000"
CHW,Anderson,Justin,pitcher,0,53,1/25/2025 8:10,1/27/2025 20:10,1,"410,000"
MIL,Keuchel,Dallas,pitcher,0,16,1/25/2025 8:10,1/27/2025 20:10,1,"400,000"
MIL,Ross,Joe,pitcher,0,74,1/25/2025 8:20,1/27/2025 20:20,1,"400,000"
MIN,Stewart,Brock,pitcher,0,15,1/25/2025 8:20,1/27/2025 20:20,1,"400,000"
MIA,Lopez,Otto,hitter,434,0,1/25/2025 8:20,1/27/2025 20:20,1,"2,578,980"
COL,Peralta,Luis,pitcher,0,12,1/25/2025 8:20,1/27/2025 20:20,1,"400,000"
PIT,Ryan,Ryder,pitcher,0,20,1/25/2025 8:20,1/27/2025 20:20,1,"400,000"
SDP,Peralta,Wandy,pitcher,0,38,1/25/2025 8:20,1/27/2025 20:20,1,"400,000"
CLE,Hedges,Austin,hitter,146,0,1/25/2025 8:20,1/27/2025 20:20,1,"400,000"
TEX,White,Owen,pitcher,0,3,1/25/2025 8:20,1/27/2025 20:20,1,"400,000"
TOR,Vogelbach,Daniel,hitter,79,0,1/25/2025 8:20,1/27/2025 20:20,1,"400,000"
SFG,Flores,Wilmer,hitter,242,0,1/25/2025 8:30,1/27/2025 20:30,1,"400,000"
WSN,Rainey,Tanner,pitcher,0,51,1/25/2025 8:30,1/27/2025 20:30,1,"400,000"
MIA,Hensley,David,hitter,58,0,1/25/2025 8:30,1/27/2025 20:30,1,"400,000"
MIA,Oller,Adam,pitcher,0,42,1/25/2025 8:30,1/27/2025 20:30,1,"400,000"
LAA,Hicks,Aaron,hitter,63,0,1/25/2025 8:30,1/27/2025 20:30,1,"400,000"
COL,Gilbreath,Lucas,pitcher,0,1,1/25/2025 8:30,1/27/2025 20:30,1,"400,000"
TEX,Knizner,Andrew,hitter,93,0,1/25/2025 8:30,1/27/2025 20:30,1,"400,000"
SDP,Matsui,Yuki,pitcher,0,62,1/25/2025 8:30,1/27/2025 20:30,1,"420,000"
2TM,Veneziano,Anthony,pitcher,0,13,1/26/2025 8:00,1/28/2025 20:00,1,"400,000"
2TM,Parsons,Wes,pitcher,0,9,1/26/2025 8:00,1/28/2025 20:00,1,"400,000"
OAK,Jiminez,Dany,pitcher,0,25,1/26/2025 8:00,1/28/2025 20:00,1,"400,000"
PHI,Ortiz,Luis Francisco,pitcher,0,0,1/26/2025 8:00,1/28/2025 20:00,1,"400,000"
LAA,Cueto,Johnny,pitcher,0,11,1/26/2025 8:00,1/28/2025 20:00,1,"400,000"
SFG,Avila,Nick,pitcher,0,11,1/26/2025 8:00,1/28/2025 20:00,1,"400,000"
2TM,Merrifield,Whit,hitter,335,0,1/26/2025 8:00,1/28/2025 20:00,1,"414,800"
LAD,Logue,Zach,pitcher,0,2,1/26/2025 8:00,1/28/2025 20:00,1,"400,000"
DET,Baddoo,Akil,hitter,82,0,1/26/2025 8:00,1/28/2025 20:00,1,"400,000"
TBR,Devenski,Chris,pitcher,0,26,1/26/2025 8:10,1/28/2025 20:10,1,"400,000"
OAK,Basso,Brady,pitcher,0,22,1/26/2025 8:10,1/28/2025 20:10,1,"400,000"
3TM,de Geus,Brett,pitcher,0,11,1/26/2025 8:10,1/28/2025 20:10,1,"400,000"
HOU,Suero,Wander,pitcher,0,0,1/26/2025 8:10,1/28/2025 20:10,1,"400,000"
NYY,Misiewicz,Anthony,pitcher,0,1,1/26/2025 8:10,1/28/2025 20:10,1,"400,000"
TEX,Walsh,Jared,hitter,60,0,1/26/2025 8:10,1/28/2025 20:10,1,"400,000"
CHC,Alzolay,Adbert,pitcher,0,17,1/26/2025 8:10,1/28/2025 20:10,1,"400,000"
ATL,Tromp,Chadwick,hitter,54,0,1/26/2025 8:10,1/28/2025 20:10,1,"400,000"
NYY,Rodon,Carlos,pitcher,0,175,1/26/2025 8:10,1/28/2025 20:10,1,"5,045,103"
HOU,Diaz,Miguel,pitcher,0,1,1/26/2025 8:20,1/28/2025 20:20,1,"400,000"
3TM,Vieira,Thyago,pitcher,0,38,1/26/2025 8:20,1/28/2025 20:20,1,"400,000"
ATL,Matzek,Tyler,pitcher,0,10,1/26/2025 8:20,1/28/2025 20:20,1,"400,000"
MIA,Villalobos,Eli,pitcher,0,4,1/26/2025 8:20,1/28/2025 20:20,1,"400,000"
COL,Criswell,Jeff,pitcher,0,19,1/26/2025 8:20,1/28/2025 20:20,1,"400,000"
PIT,Koch,Grant,hitter,8,0,1/26/2025 8:20,1/28/2025 20:20,1,"400,000"
2TM,Salazar,Eduardo,pitcher,0,29,1/26/2025 8:20,1/28/2025 20:20,1,"400,000"
BOS,Shugart,Chase,pitcher,0,8,1/26/2025 8:20,1/28/2025 20:20,1,"400,000"
LAD,Crismatt,Nabil,pitcher,0,7,1/26/2025 8:30,1/28/2025 20:30,1,"400,000"
MIA,Pereda,Jhonny,hitter,40,0,1/26/2025 8:30,1/28/2025 20:30,1,"400,000"
TEX,Gray,Jon,pitcher,0,102,1/26/2025 8:30,1/28/2025 20:30,1,"4,535,836"
CIN,Ford,Mike,hitter,62,0,1/26/2025 8:30,1/28/2025 20:30,1,"400,000"
OAK,Toro,Abraham,hitter,364,0,1/26/2025 8:30,1/28/2025 20:30,1,"436,000"
