"Rank","Name","MLB ID","FV","ETA","Position","Team"
"1","Konnor Griffin","804606","70","2026","SS/OF","Pittsburgh Pirates"
"2","Nolan McLean","690997","64","2026","RHP",""
"3","Jesús Made","815908","62","2027","SS/2B","Milwaukee Brewers"
"4","Kevin McGonigle","805808","62","2026","SS","Detroit Tigers"
"5","Samuel Basallo","694212","62","2026","C/1B",""
"6","Bubba Chandler","696149","60","2026","RHP",""
"7","Max Clark","703601","60","2026","OF","Detroit Tigers"
"8","Leo De Vries","815888","60","2026","SS","Athletics"
"9","Trey Yesavage","702056","58","2026","RHP",""
"10","Colt Emerson","806068","58","2026","SS","Seattle Mariners"
"11","Carson Benge","701807","58","2026","OF","New York Mets"
"12","JJ Wetherholt","802139","58","2026","INF","St. Louis Cardinals"
"13","Aidan Miller","805795","57","2026","SS","Philadelphia Phillies"
"14","Thomas White","806258","60","2026","LHP","Miami Marlins"
"15","Eli Willits","816113","56","2028","SS","Washington Nationals"
"16","Sebastian Walcott","806964","56","2027","SS/3B","Texas Rangers"
"17","Payton Tolle","801139","55","2026","LHP","Boston Red Sox"
"18","Andrew Painter","691725","55","2026","RHP",""
"19","Ryan Sloan","815549","55","2028","RHP","Seattle Mariners"
"20","Chase DeLauter","800050","55","2026","OF",""
"21","Luis Peña","821270","55","2028","INF","Milwaukee Brewers"
"22","Bryce Eldridge","805811","55","2026","1B","San Francisco Giants"
"23","Liam Doyle","824604","53","2027","LHP","St. Louis Cardinals"
"24","Josue De Paula","800543","54","2027","OF","Los Angeles Dodgers"
"25","Jarlin Susana","703186","53","2027","RHP","Washington Nationals"
"26","Franklin Arias","808265","53","2027","SS","Boston Red Sox"
"27","Bryce Rainer","800614","53","2028","SS","Detroit Tigers"
"28","Walker Jenkins","805805","53","2026","OF","Minnesota Twins"
"29","Alfredo Duno","806957","53","2028","C","Cincinnati Reds"
"30","Carson Williams","700246","53","2026","SS",""
"31","Carter Jensen","695600","53","2026","C",""
"32","Kade Anderson","807739","52","2027","LHP","Seattle Mariners"
"33","Jonah Tong","804636","52","2026","RHP","New York Mets"
"34","Robby Snelling","702281","52","2026","LHP","Miami Marlins"
"35","Connelly Early","813349","52","2026","LHP",""
"36","Tyler Bremner","803285","51","2026","RHP","Los Angeles Angels"
"37","Zyhir Hope","814307","52","2027","OF","Los Angeles Dodgers"
"38","Sal Stewart","701398","52","2026","INF",""
"39","Seth Hernandez","815825","51","2028","RHP","Pittsburgh Pirates"
"40","Edward Florentino","821273","52","2028","OF/1B","Pittsburgh Pirates"
"41","Kyson Witherspoon","804817","51","2027","RHP","Boston Red Sox"
"42","Parker Messick","800048","51","2026","LHP",""
"43","Travis Sykora","805809","51","2028","RHP","Washington Nationals"
"44","Carlos Lagrange","801739","51","2026","RHP","New York Yankees"
"45","Gage Jump","695611","51","2026","LHP","Athletics"
"46","Jaxon Wiggins","694393","51","2026","RHP","Chicago Cubs"
"47","Brody Hopkins","811315","51","2026","RHP","Tampa Bay Rays"
"48","Rhett Lowder","695076","51","2026","RHP",""
"49","Eduardo Quintero","808234","51","2028","OF","Los Angeles Dodgers"
"50","Noah Schultz","702273","51","2026","LHP","Chicago White Sox"
"51","Jurrangelo Cijntje","701388","51","2026","RHP","St. Louis Cardinals"
"52","Khal Stephen","701590","50","2026","RHP","Cleveland Guardians"
"53","Angel Genao","694197","51","2026","SS","Cleveland Guardians"
"54","Jake Bloss","814005","50","2026","SP","TOR"
"55","Ryan Waldschmidt","814439","51","2026","OF","Arizona Diamondbacks"
"56","Dax Kilby","828076","51","2028","SS","New York Yankees"
"57","Braden Montgomery","695731","51","2026","OF","Chicago White Sox"
"58","Emil Morales","815896","51","2029","SS","Los Angeles Dodgers"
"59","Ethan Holliday","815787","51","2029","SS","Colorado Rockies"
"60","JR Ritchie","702275","51","2026","RHP","Atlanta Braves"
"61","Caleb Bonemer","815352","51","2028","SS/3B","Chicago White Sox"
"62","Dylan Beavers","687637","51","2026","OF",""
"63","Didier Fuentes","800311","50","2026","RHP",""
"64","Aiva Arquette","804109","51","2028","SS","Miami Marlins"
"65","Joe Mack","691788","51","2026","C","Miami Marlins"
"66","Eduardo Tait","806953","51","2028","C","Minnesota Twins"
"67","Michael Arroyo","703197","51","2026","2B","Seattle Mariners"
"68","Ralphy Velazquez","806252","51","2027","1B/OF","Cleveland Guardians"
"69","Hagen Smith","696146","51","2026","LHP","Chicago White Sox"
"70","Christian Oppor","803291","50","2027","SP","CHW"
"71","Brandon Sproat","687075","51","2026","RHP",""
"72","Jonny Farmelo","806071","51","2028","OF","Seattle Mariners"
"73","Moisés Ballesteros","694208","51","2026","C",""
"74","Travis Bazzana","683953","51","2026","2B","Cleveland Guardians"
"75","George Lombard Jr.","806146","51","2027","INF","New York Yankees"
"76","Kaelen Culpepper","701785","51","2027","SS","Minnesota Twins"
"77","Arjun Nimmala","805796","51","2028","SS","Toronto Blue Jays"
"78","Charlie Condon","809707","51","2026","1B/OF","Colorado Rockies"
"79","River Ryan","689981","50","2026","RHP","Los Angeles Dodgers"
"80","Caden Scarborough","807291","50","2027","RHP","Texas Rangers"
"81","Michael Forret","702650","50","2027","RHP","Tampa Bay Rays"
"82","Jack Wenninger","811307","50","2026","RHP","New York Mets"
"83","Logan Henderson","701656","50","2026","RHP","Milwaukee Brewers"
"84","Jett Williams","702518","51","2026","SS/2B/OF","Milwaukee Brewers"
"85","Harry Ford","695670","51","2026","C","Washington Nationals"
"86","Owen Caissie","683357","51","2026","OF",""
"87","Jhonny Level","815929","50","2029","SS","San Francisco Giants"
"88","Ethan Salas","806956","50","2027","C","San Diego Padres"
"89","Josue Briceño","800522","51","2027","C/1B","Detroit Tigers"
"90","George Klassen","691946","50","2026","RHP","Los Angeles Angels"
"91","Lazaro Montes","703155","51","2027","OF","Seattle Mariners"
"92","Billy Carlson","815814","49","2029","SS","Chicago White Sox"
"93","Blake Mitchell","805810","51","2027","C","Kansas City Royals"
"94","Cam Caminiti","807284","49","2027","LHP","Atlanta Braves"
"95","Jeferson Quero","691620","50","2026","C","Milwaukee Brewers"
"96","Jacob Reimer","702544","50","2026","3B/1B","New York Mets"
"97","Luis De León","801725","50","2026","LHP","Baltimore Orioles"
"98","Roldy Brito","821041","50","2028","OF/2B","Colorado Rockies"
"99","Felnin Celesten","806958","50","2028","SS","Seattle Mariners"
"100","Tanner McDougal","701780","50","2026","SP","CHW"
"101","Jefferson Rojas","800473","50","2027","SS/2B","Chicago Cubs"
"102","Trey Gibson","694346","50","2026","RHP","Baltimore Orioles"
"103","JoJo Parker","828098","49","2029","SS","Toronto Blue Jays"
"104","Jimmy Crooks","699625","50","2026","C","St. Louis Cardinals"
"105","Tommy Troy","694371","50","2026","2B/OF","Arizona Diamondbacks"
"106","Kevin Alcántara","682634","50","2026","OF","Chicago Cubs"
"107","Winston Santos","692437","49","2026","RHP","Texas Rangers"
"108","Mike Sirota","701527","49","2027","OF","Los Angeles Dodgers"
"109","Christian Zazueta","800537","48","2028","RHP","Los Angeles Dodgers"
"110","Emmanuel Rodriguez","691181","52","2026","OF","Minnesota Twins"
"111","Justin Crawford","702222","49","2026","OF","Philadelphia Phillies"
"112","Yolfran Castillo","815931","49","2029","SS/3B","Texas Rangers"
"113","A.J. Ewing","805999","49","2027","OF/2B","New York Mets"
"114","David Davalillo","699314","49","2026","RHP","Texas Rangers"
"115","Steele Hall","571736","49","2029","SS","Cincinnati Reds"
"116","Thayron Liranzo","699073","50","2027","C/1B","Detroit Tigers"
"117","Braylon Doughty","815785","48","2028","RHP","Cleveland Guardians"
"118","Bishop Letson","811309","48","2027","RHP","Milwaukee Brewers"
"119","Owen Murphy","702566","48","2028","RHP","Atlanta Braves"
"120","Demetrio Crisantes","702679","48","2027","2B/3B","Arizona Diamondbacks"
"121","Kevin Alvarez","829037","48","2029","OF","Houston Astros"
"122","Gage Wood","805906","46","2027","RHP","Philadelphia Phillies"
"123","Leo Bernal","699024","47","2027","C","St. Louis Cardinals"
"124","Jansel Luis","800306","47","2027","3B","ARI"
"125","Ben Hess","696292","48","2027","RHP","New York Yankees"
"126","Cooper Pratt","806198","47","2026","SS","Milwaukee Brewers"
"127","Cooper Ingle","694876","47","2026","C","Cleveland Guardians"
"128","Ryan Johnson","802459","46","2026","RHP",""
"129","Andrew Fischer","702652","48","2027","3B","Milwaukee Brewers"
"130","Kohl Drake","684442","45","2026","SP","ARI"
"131","Wandy Asigen","836583","47","2031","SS","New York Mets"
"132","Trey Gregory-Alford","807281","47","2029","RHP","Los Angeles Angels"
"133","Alex Freeland","690976","48","2026","INF",""
"134","Adam Serwinowski","703445","46","2027","LHP","Los Angeles Dodgers"
"135","Spencer Jones","682987","48","2026","OF","New York Yankees"
"136","Yairo Padilla","821107","47","2029","SS","St. Louis Cardinals"
"137","Ryan Clifford","691775","48","2026","1B/OF","New York Mets"
"138","Will Watson","814492","47","2026","RHP","New York Mets"
"139","Ricky Tiedemann","694357","45","2026","SP","TOR"
"140","Charles Davalan","804560","46","2028","OF","Los Angeles Dodgers"
"141","Hayden Alvarez","820986","47","2029","OF","Los Angeles Angels"
"142","Brandon Clarke","700251","47","2027","LHP","St. Louis Cardinals"
"143","Diego Tornes","829053","46","2030","OF","Atlanta Braves"
"144","Jackson Ferris","701328","46","2026","LHP","Los Angeles Dodgers"
"145","Quinn Mathews","687273","46","2026","LHP","St. Louis Cardinals"
"146","Jonathan Santucci","695558","47","2026","LHP","New York Mets"
"147","JD Dix","807267","47","2028","2B","Arizona Diamondbacks"
"148","Francisco Renteria","836353","46","2031","OF","Philadelphia Phillies"
"149","Jordan Yost","803723","46","2029","SS","Detroit Tigers"
"150","Yilber Díaz","700270","47","2026","SIRP","ARI"
"151","Héctor Rodríguez","699302","46","2026","OF","Cincinnati Reds"
"152","Xavier Neyens","815832","46","2029","SS","Houston Astros"
"153","Caden Favors","801129","45","2028","SP","CLE"
"154","Walker Janek","801075","46","2027","C","Houston Astros"
"155","Matt Wilkinson","683363","45","2027","SP","CLE"
"156","Johnny King","803516","45","2029","SP","TOR"
"157","Nelson Rada","703185","46","2026","OF","Los Angeles Angels"
"158","Jace LaViolette","702593","46","2028","OF","Cleveland Guardians"
"159","Aroon Escobar","800169","46","2028","2B","Philadelphia Phillies"
"160","Jedixson Paez","699151","45","2026","SP","CHW"
"161","Moisés Chace","691330","45","2027","RHP","Philadelphia Phillies"
"162","J.D. Thompson","702505","45","2028","LHP","Milwaukee Brewers"
"163","Alex Lodise","822676","46","2028","SS","Atlanta Braves"
"164","Luke Stevenson","806233","46","2028","C","Seattle Mariners"
"165","Zach Thornton","804267","45","2027","LHP","New York Mets"
"166","Bryce Mayer","809343","45","2027","RHP","Houston Astros"
"167","Garrett Baumann","803833","45","2027","RHP","Atlanta Braves"
"168","James Tibbs III","696486","46","2027","OF/1B","Los Angeles Dodgers"
"169","Gabriel Rodriguez","821657","45","2029","SS/3B","Cleveland Guardians"
"170","Marlon Nieves","812363","45","2029","RHP","Los Angeles Dodgers"
"171","Matthew Fisher","832455","45","2029","RHP","Philadelphia Phillies"
"172","Josh Adamczewski","815304","46","2028","OF/2B","Milwaukee Brewers"
"173","Tekoah Roby","694358","45","2027","RHP","St. Louis Cardinals"
"174","Cristian Mena","691441","45","2026","SP","ARI"
"175","Jose Franco","683742","45","2026","RHP","Cincinnati Reds"
"176","Elian Peña","829033","45","2030","SS","New York Mets"
"177","Cam Collier","702253","46","2027","1B/3B","Cincinnati Reds"
"178","Ethan Pecko","814490","45","2026","RHP","Houston Astros"
"179","Kayson Cunningham","815617","45","2030","2B","ARI"
"180","Chase Hampton","694633","45","2027","RHP","New York Yankees"
"181","Bryce Cunningham","701480","45","2027","RHP","New York Yankees"
"182","Tink Hence","693311","45","2026","RHP","St. Louis Cardinals"
"183","Daniel Eagen","811666","45","2027","SP","ARI"
"184","Juneiker Caceres","821181","45","2029","OF","Cleveland Guardians"
"185","Kahlil Watson","696135","45","2026","OF","Cleveland Guardians"
"186","LuJames Groover","694410","45","2026","3B","Arizona Diamondbacks"
"187","Joey Oakie","815841","44","2028","RHP","Cleveland Guardians"
"188","Junior Ciprian","815795","42","2029","SP","ARI"
"189","Luke Sinnard","820827","45","2027","RHP","Atlanta Braves"
"190","Robert Gasser","688107","45","2026","LHP","Milwaukee Brewers"
"191","Rainiel Rodriguez","823787","55","2028","C","St. Louis Cardinals"
"192","Luis Lara","800325","45","2026","OF","Milwaukee Brewers"
"193","AJ Blubaugh","805123","45","2026","RHP",""
"194","Johnny Slawinski","828989","44","2029","LHP","Los Angeles Angels"
"195","Aaron Watson","826209","44","2029","RHP","Cincinnati Reds"
"196","Josh Knoth","805807","44","2028","RHP","Milwaukee Brewers"
"197","Briggs McKenzie","828987","44","2029","LHP","Atlanta Braves"
"198","Chase Petty","695534","44","2026","RHP","Cincinnati Reds"
"199","Randy Arias","815897","37","2032","SS","HOU"
"200","Zach Root","702539","44","2028","LHP","Los Angeles Dodgers"
"201","Oliver Gonzalez","823860","42","2030","SP","LAD"
"202","Ethan Frey","703676","44","2028","OF","Houston Astros"
"203","Denzer Guzman","694203","45","2026","SS","Los Angeles Angels"
"204","Gabriel Rincones Jr.","687282","45","2026","OF","Philadelphia Phillies"
"205","Luis Carias","808218","42","2028","SP","LAD"
"206","Dante Nori","807276","44","2027","OF","Philadelphia Phillies"
"207","David Sandlin","689818","45","2026","MIRP","CHW"
"208","Ryan Forcucci","801573","43","2028","RHP","Houston Astros"
"209","David Hagaman","701908","42","2027","SP","ARI"
"210","Jose Cabrera","703615","37","2028","MIRP","ARI"
"211","Mason Morris","702568","43","2028","RHP","Cincinnati Reds"
"212","Jogly Garcia","805702","40","2027","SIRP","CLE"
"213","Oscar Tineo","","42","2032","SS","DET"
"214","Ryan Mitchell","815829","43","2029","OF/SS","St. Louis Cardinals"
"215","Tyson Lewis","815653","44","2029","SS/3B","Cincinnati Reds"
"216","Brice Matthews","694728","44","2026","2B",""
"217","Daniel Espino","682982","42","2026","RHP","Cleveland Guardians"
"218","Max Anderson","801194","44","2026","2B/3B","Detroit Tigers"
"219","Hao-Yu Lee","701678","44","2026","3B/2B","Detroit Tigers"
"220","Aldrin Batista","702881","42","2027","SP","CHW"
"221","Kendry Chourio","830402","50","2029","RHP","Kansas City Royals"
"222","Cooper Hjerpe","687309","43","2026","LHP","St. Louis Cardinals"
"223","Cade Obermueller","805261","43","2028","LHP","Philadelphia Phillies"
"224","Theo Gillen","815394","52","2028","OF","Tampa Bay Rays"
"225","Malachi Witherspoon","802412","43","2028","RHP","Detroit Tigers"
"226","Ixan Henderson","809100","43","2026","LHP","St. Louis Cardinals"
"227","Dean Livingston","828344","42","2029","SP","ARI"
"228","Joshua Báez","695491","49","2026","OF","St. Louis Cardinals"
"229","Juan Rijo","836591","43","2031","OF","Seattle Mariners"
"230","Edelson Cabral","","42","2032","SS","ATL"
"231","Mitch Voit","702491","42","2028","2B/SS","New York Mets"
"232","Yorger Bautista","829045","43","2030","OF","Seattle Mariners"
"233","Albert Fermín","837522","43","2031","SS","Houston Astros"
"234","Tyson Hardin","824620","43","2026","RHP","Milwaukee Brewers"
"235","Josuar Gonzalez","829034","51","2029","SS","San Francisco Giants"
"236","Cris Rodriguez","829038","46","2030","OF","Detroit Tigers"
"237","Nick Becker","829306","43","2029","SS","Seattle Mariners"
"238","Angel De Los Santos","829751","42","2030","SS","DET"
"239","Randy Santana","","42","2032","CF","DET"
"240","Manuel Bolivar","","42","2032","C","DET"
"241","Bryce Meccage","815501","43","2028","RHP","Milwaukee Brewers"
"242","Zach Ehrhard","701394","43","2027","OF","Los Angeles Dodgers"
"243","Jaden Fauske","828262","42","2030","LF","CHW"
"244","Brady Ebel","815816","43","2029","SS","Milwaukee Brewers"
"245","Andrew Sears","808825","43","2027","LHP","Detroit Tigers"
"246","Patrick Forbes","804467","42","2027","SP","ARI"
"247","Dylan Jordan","813335","41","2028","RHP","Los Angeles Angels"
"248","Luis Perales","691384","50","2026","RHP","Washington Nationals"
"249","John Gil","808535","42","2028","SS","Atlanta Braves"
"250","Juan Caricote","","42","2032","C","TOR"
"251","Joswa Lugo","815915","43","2029","SS","Los Angeles Angels"
"252","Eli Serrano III","702501","43","2027","OF","New York Mets"
"253","Zach Maxwell","687209","42","2026","RHP","Cincinnati Reds"
"254","Jaison Chourio","702693","43","2027","OF","Cleveland Guardians"
"255","Edwin Arroyo","695490","42","2026","SS","Cincinnati Reds"
"256","Blake Burke","695501","43","2026","1B","Milwaukee Brewers"
"257","Carlos Jorge","699115","43","2027","OF","Cincinnati Reds"
"258","Sam Antonacci","803011","43","2027","2B/3B","Chicago White Sox"
"259","Conor Essenburg","828148","43","2029","OF","Atlanta Braves"
"260","Chase Shores","702274","41","2027","RHP","Los Angeles Angels"
"261","Mitch Bratt","683352","40","2026","SP","ARI"
"262","Allen Facundo","702098","42","2028","LHP","New York Yankees"
"263","Joshua Flores","808129","37","2031","SIRP","MIL"
"264","Kendall George","806077","43","2027","OF","Los Angeles Dodgers"
"265","Ashton Izzi","802416","42","2027","SP","ARI"
"266","Liberts Aponte","829051","43","2030","SS","Cincinnati Reds"
"267","Marlon Quintero","821238","42","2029","C","Los Angeles Angels"
"268","Tanner Franklin","815119","41","2028","RHP","St. Louis Cardinals"
"269","Sheng-En Lin","806823","41","2028","RHP","Cincinnati Reds"
"270","Tai Peete","806191","43","2028","OF","St. Louis Cardinals"
"271","Iker Redona","827370","40","2030","SP","CIN"
"272","Chen-Wei Lin","813820","42","2027","RHP","St. Louis Cardinals"
"273","Chris Cortez","700933","41","2026","RHP","Los Angeles Angels"
"274","Wen-Hui Pan","808207","41","2027","RHP","Philadelphia Phillies"
"275","Jamie Arnold","701364","55","2027","LHP","Athletics"
"276","Pete Hansen","677337","42","2027","SP","STL"
"277","Dylan Ross","697811","42","2026","RHP","New York Mets"
"278","Bo Davidson","815589","50","2027","OF","San Francisco Giants"
"279","Esmil Valencia","806982","40","2029","OF","Miami Marlins"
"280","Braylon Payne","815520","43","2028","OF","Milwaukee Brewers"
"281","Henry Lalane","700649","41","2028","LHP","New York Yankees"
"282","Michael Oliveto","834672","43","2029","C","Detroit Tigers"
"283","Marco Dinges","701392","42","2027","C","Milwaukee Brewers"
"284","Alex McFarlane","686934","42","2026","RHP","Philadelphia Phillies"
"285","Kelvis Salcedo","808383","42","2028","RHP","Detroit Tigers"
"286","Ryan Lambert","822038","40","2026","RHP","New York Mets"
"287","Juan Sanchez","803039","43","2029","3B/SS","Toronto Blue Jays"
"288","Talon Haley","813989","41","2029","LHP","Los Angeles Angels"
"289","Miguel Ullola","699044","42","2026","RHP","Houston Astros"
"290","Charlee Soto","805792","48","2028","RHP","Minnesota Twins"
"291","Dauri Fernandez","821171","42","2029","INF","Cleveland Guardians"
"292","Jonathan Pintaro","702752","42","2026","RHP","New York Mets"
"293","Yhoiker Fajardo","823369","41","2028","RHP","St. Louis Cardinals"
"294","Gabe Craig","700582","40","2027","RHP","Philadelphia Phillies"
"295","Angel Nuñez","836585","42","2031","OF","Cincinnati Reds"
"296","Yilver De Paula","829795","42","2030","SS","Los Angeles Angels"
"297","Joel Hurtado","805871","42","2026","RHP","Los Angeles Angels"
"298","Lucas Braun","814351","41","2026","RHP","Atlanta Braves"
"299","Coleman Crow","689441","42","2026","RHP","Milwaukee Brewers"
"300","Brycen Mautz","802408","42","2026","LHP","St. Louis Cardinals"
"301","Ramon Marquez","827408","41","2029","RHP","Philadelphia Phillies"
"302","Cody Bowker","805790","41","2028","RHP","Philadelphia Phillies"
"303","Teddy McGraw","803141","41","2027","RHP","Seattle Mariners"
"304","Kruz Schoolcraft","828244","55","2029","LHP","San Diego Padres"
"305","Victor Arias","692478","42","2026","CF","TOR"
"306","Owen Carey","826928","42","2029","OF","Atlanta Braves"
"307","Boston Baro","805951","42","2028","INF","New York Mets"
"308","Alberto Barriga","800569","40","2028","C","ARI"
"309","Shane Drohan","675660","42","2026","LHP","Milwaukee Brewers"
"310","R.J. Gordon","822161","42","2026","RHP","New York Mets"
"311","Chung-Hsiang Huang","829473","40","2028","SP","ARI"
"312","Silvano Hechavarria","827664","40","2027","SP","TOR"
"313","Leonel Sequera","800320","40","2028","SP","STL"
"314","Tate Southisene","816111","44","2029","SS/OF","Atlanta Braves"
"315","Jake Cook","834404","40","2030","CF","TOR"
"316","Owen Hall","815157","42","2028","RHP","Detroit Tigers"
"317","Ching-Hsien Ko","828667","41","2029","OF","Los Angeles Dodgers"
"318","Emanuel Luna","836587","41","2031","OF","St. Louis Cardinals"
"319","Rolddy Muñoz","691548","40","2026","RHP","Atlanta Braves"
"320","Nate George","825582","55","2028","OF","Baltimore Orioles"
"321","Kevin Defrank","829074","50","2030","RHP","Miami Marlins"
"322","Franyerber Montilla","800508","41","2028","SS","Detroit Tigers"
"323","Jaron DeBerry","809229","40","2027","SP","MIL"
"324","Chris Suero","801523","43","2027","C/OF/1B","New York Mets"
"325","Romeli Espinosa","829089","42","2030","SS","Philadelphia Phillies"
"326","Joel Díaz","699309","40","2027","SP","NYM"
"327","Craig Yoho","684974","42","2026","RHP",""
"328","Kellon Lindsey","813916","41","2028","SS","Los Angeles Dodgers"
"329","Griffin Hugus","702976","41","2028","RHP","Seattle Mariners"
"330","Carlos Virahonda","808024","40","2029","C","ARI"
"331","Dean Curley","806053","41","2028","INF","Cleveland Guardians"
"332","Gabriel Davalillo","829058","41","2030","C/3B","Los Angeles Angels"
"333","Daury Vasquez","808035","40","2029","SP","ARI"
"334","AJ Russell","805706","50","2028","RHP","Texas Rangers"
"335","Leo Balcazar","699114","41","2027","SS/2B","Cincinnati Reds"
"336","Franklin Gomez","800338","40","2027","SP","CLE"
"337","Raudy Reyes","829909","40","2030","RHP","Atlanta Braves"
"338","Andrew Walters","689958","40","2026","RHP",""
"339","Heriberto Rincon","684516","37","2030","CF","NYM"
"340","Adriel Radney","815895","40","2030","RF","ARI"
"341","Franklin Rojas","815922","40","2030","C","TOR"
"342","Juan Rujano","829794","40","2031","C","STL"
"343","Jake Miller","805725","40","2026","LHP","Detroit Tigers"
"344","Grant Rogers","814804","40","2027","SP","TOR"
"345","Luis Hernández","801346","50","2030","SS","San Francisco Giants"
"346","Dayber Cruceta","827426","40","2030","CF","PHI"
"347","Kyle Hurt","669165","40","2026","RHP","Los Angeles Dodgers"
"348","Hansel Jimenez","823851","42","2029","3B","Cincinnati Reds"
"349","Alfonsin Rosario","806210","41","2027","OF","Cleveland Guardians"
"350","Justin Hagenman","663795","40","2026","SP","NYM"
"351","CJ Gray","832457","40","2029","RHP","Los Angeles Angels"
"352","Brooks Auger","824624","40","2028","SP","LAD"
"353","Blaine Bullard","828557","40","2029","CF","TOR"
"354","Korbyn Dickerson","702668","41","2028","OF","Seattle Mariners"
"355","Ethan Schiefelbein","815162","40","2028","SP","DET"
"356","Mason Adams","690279","40","2027","SP","CHW"
"357","Luis Gastelum","703725","40","2026","RHP","St. Louis Cardinals"
"358","Sabier Marte","800239","40","2028","SP","NYY"
"359","Caden Grice","694364","40","2027","SP","ARI"
"360","Hudson Leach","813865","40","2026","RHP","Houston Astros"
"361","Hunter Barco","682995","55","2026","LHP",""
"362","Reyli Mariano","821697","40","2030","2B","LAD"
"363","Brandon Barriera","702255","40","2028","SP","TOR"
"364","Cam Leiter","804942","40","2028","RHP","Los Angeles Dodgers"
"365","Julian Aguiar","687924","40","2026","RHP","Cincinnati Reds"
"366","Josh Grosz","701056","40","2027","SP","ARI"
"367","Joseph Sullivan","813896","42","2027","OF","Houston Astros"
"368","Juan Brito","682877","41","2026","2B","Cleveland Guardians"
"369","Frank Cairone","827980","40","2029","LHP","Milwaukee Brewers"
"370","Adrian Pinto","691437","40","2028","2B","TOR"
"371","Cristofer Torin","800198","40","2027","2B","ARI"
"372","Luke Adams","702726","41","2026","1B/3B","Milwaukee Brewers"
"373","Blake Burkhalter","686628","40","2026","RHP","Atlanta Braves"
"374","Duncan Davitt","701474","40","2026","SP","CHW"
"375","Chalniel Arias","703921","40","2028","SP","NYY"
"376","Patrick Copen","814527","40","2027","RHP","Los Angeles Dodgers"
"377","Angeibel Gomez","825412","50","2031","OF","Kansas City Royals"
"378","Santiago Suarez","800571","50","2027","RHP","Tampa Bay Rays"
"379","Connor Prielipp","687570","50","2026","LHP","Minnesota Twins"
"380","Walbert Urena","700712","40","2026","RHP",""
"381","Gage Stanifer","804948","42","2027","SIRP","TOR"
"382","Brandyn Garcia","805299","42","2026","MIRP","ARI"
"383","Wellington Aracena","800286","42","2027","SIRP","ARI"
"384","Hunter Cranton","675450","42","2026","SIRP","ARI"
"385","Brett Wichrowski","814489","42","2027","SIRP","MIL"
"386","Sem Robberse","691828","42","2027","MIRP","STL"
"387","Edward Duran","698927","40","2027","C","TOR"
"388","Jackson Nezuh","694545","40","2027","RHP","Houston Astros"
"389","Luke Holman","695705","40","2028","RHP","Cincinnati Reds"
"390","Austin Peterson","804926","40","2026","SP","CLE"
"391","Arnaldo Lantigua","806984","41","2029","OF","Cincinnati Reds"
"392","Kenny Fenelon","829064","40","2031","CF","MIL"
"393","Cade Winquest","685464","40","2026","RHP",""
"394","Alonzo Tredwell","696280","40","2027","RHP","Houston Astros"
"395","JeanPierre Ortiz","701370","40","2028","RHP","Cincinnati Reds"
"396","Josh Hartle","691776","40","2027","LHP","Cleveland Guardians"
"397","Johenssy Colome","836584","50","2031","SS","Athletics"
"398","Josh Hammond","815843","50","2029","SS/3B","Kansas City Royals"
"399","Jacob Bresnahan","815298","50","2028","LHP","San Francisco Giants"
"400","Esteban Mejia","821757","50","2029","RHP","Baltimore Orioles"
"401","TJ Nichols","694375","50","2027","RHP","Tampa Bay Rays"
"402","Nick Morabito","703492","41","2026","OF","New York Mets"
"403","William Bergolla","703151","40","2027","SS","CHW"
"404","Josh Kasevich","688460","40","2027","SS","TOR"
"405","Nathan Church","701675","40","2026","OF",""
"406","Peyton Pallette","688883","40","2026","RHP",""
"407","Thatcher Hurd","695765","40","2028","RHP","New York Yankees"
"408","Sterling Patick","814507","40","2028","LHP","Los Angeles Dodgers"
"409","Jirvin Morillo","821073","40","2030","C","Cincinnati Reds"
"410","Chase Harlan","815792","41","2028","3B","Los Angeles Dodgers"
"411","Lucas Elissalt","827640","40","2027","RHP","Detroit Tigers"
"412","Cade Smith","694696","40","2027","RHP","New York Yankees"
"413","Yassel Soler","807957","40","2028","3B","ARI"
"414","Brock Wilken","694385","41","2026","3B","Milwaukee Brewers"
"415","Slater de Brun","828173","50","2029","OF","Tampa Bay Rays"
"416","Jose Corniell","692030","50","2026","RHP","Texas Rangers"
"417","Cade Crossland","827265","40","2028","LHP","St. Louis Cardinals"
"418","Dylan Campbell","694749","40","2027","RF","PHI"
"419","Ben Jacobs","800624","40","2028","LHP","Detroit Tigers"
"420","Jude Warwick","827672","40","2028","SS/2B","Detroit Tigers"
"421","Anderson Araujo","827410","40","2031","C","PHI"
"422","Brandon Valenzuela","678218","40","2026","C","TOR"
"423","Christian Cerda","692416","40","2027","C","ARI"
"424","Landon Beidelschies","804860","40","2028","LHP","Atlanta Braves"
"425","Tim Piasentin","815992","40","2031","3B","TOR"
"426","Daniel Pierce","828084","50","2029","SS","Tampa Bay Rays"
"427","Sean Gamble","815819","50","2029","OF/2B","Kansas City Royals"
"428","Dasan Hill","815598","50","2028","LHP","Minnesota Twins"
"429","Gavin Kilen","702264","50","2028","SS/2B","San Francisco Giants"
"430","Jacob Melton","689200","50","2026","OF","Tampa Bay Rays"
"431","Anderson Brito","820901","50","2028","RHP","Tampa Bay Rays"
"432","Ramon Ramirez","808675","50","2028","C","Kansas City Royals"
"433","Josuar De Jesus","703183","50","2029","SS","SF"
"434","Druw Jones","702258","40","2027","CF","ARI"
"435","Wilberson De Pena","821648","40","2031","RF","NYY"
"436","Jeyson Horton","836588","40","2031","SS","Los Angeles Angels"
"437","Noah Miller","695653","40","2026","SS","Los Angeles Dodgers"
"438","Barrett Kent","806010","40","2028","RHP","Los Angeles Angels"
"439","Landyn Vidourek","811716","40","2028","OF","Los Angeles Dodgers"
"440","Jacob Steinmetz","700255","40","2029","SP","ARI"
"441","Yohendrick Pinango","682818","40","2026","LF","TOR"
"442","Blaze Jordan","691458","40","2026","1B/3B","St. Louis Cardinals"
"443","Peyton Olejnik","803021","40","2027","RHP","Los Angeles Angels"
"444","Starlyn Caba","806965","50","2028","SS/2B","Miami Marlins"
"445","Braden Nett","804556","50","2026","RHP","Athletics"
"446","Wehiwa Aloy","814450","50","2028","SS","Baltimore Orioles"
"447","Miguel Mendez","700280","50","2026","RHP","San Diego Padres"
"448","Brailyn Antunez","829073","40","2031","CF","MIL"
"449","Keaton Anthony","805704","40","2026","1B","Philadelphia Phillies"
"450","Wei-En Lin","827734","50","2027","LHP","Athletics"
"451","Ethan Conrad","828255","50","2028","OF","Chicago Cubs"
"452","Gavin Fien","815818","50","2029","INF","Washington Nationals"
"453","Ike Irish","702610","50","2028","C/OF/1B","Baltimore Orioles"
"454","Petey Halpin","690984","40","2026","CF","CLE"
"455","Luis Guanipa","806994","40","2028","OF","Atlanta Braves"
"456","Ky Bush","681066","40","2026","SP","CHW"
"457","Sam Aldegheri","691951","40","2026","LHP","Los Angeles Angels"
"458","RJ Schreck","702302","40","2027","RF","TOR"
"459","Samuel Zavala","694214","40","2028","CF","CHW"
"460","Ty Madden","680744","40","2026","RHP","Detroit Tigers"
"461","Alimber Santa","695001","40","2026","RHP","Houston Astros"
"462","Kaeden Kent","809763","40","2028","SS","New York Yankees"
"463","George Valera","671655","40","2026","OF",""
"464","Antonio Jimenez","806128","40","2028","SS","New York Mets"
"465","Jared Thomas","703606","50","2027","OF","Colorado Rockies"
"466","Marek Houston","701339","50","2028","SS","Minnesota Twins"
"467","Humberto Cruz","814232","50","2029","RHP","San Diego Padres"
"468","Carter Holton","692290","40","2026","SP","ATL"
"469","Daniel Dickinson","823658","40","2028","2B/SS","Milwaukee Brewers"
"470","Cam Cannarella","703448","50","2028","OF","Miami Marlins"
"471","Kash Mayfield","824026","50","2028","LHP","San Diego Padres"
"472","Aidan Smith","806223","50","2027","OF","Tampa Bay Rays"
"473","Caden Bodine","805207","50","2029","C","Tampa Bay Rays"
"474","David Shields","815789","50","2029","LHP","Kansas City Royals"
"475","Antwone Kelly","699008","45","2026","RHP","Pittsburgh Pirates"
"476","Capri Ortiz","800194","40","2027","SS","LAA"
"477","José Rodríguez","689487","40","2026","SIRP","LAD"
"478","Slade Caldwell","815154","40","2028","CF","ARI"
"479","Kyle Lodise","827517","40","2029","SS","CHW"
"480","César Prieto","693409","40","2026","2B","STL"
"481","Gavin Conticello","695521","40","2026","RF","ARI"
"482","Diego Frontado","836601","39","2031","SS","Milwaukee Brewers"
"483","Alirio Ferrebus","808232","40","2028","C/1B","Philadelphia Phillies"
"484","Ethan Dorchies","828475","39","2029","RHP","Milwaukee Brewers"
"485","Kane Kepley","823807","50","2028","OF","Chicago Cubs"
"486","Jonathon Long","675085","50","2026","1B","Chicago Cubs"
"487","Marco Vargas","804614","40","2028","2B/SS","New York Mets"
"488","Jacob Cozart","695524","40","2027","C","Cleveland Guardians"
"489","Brock Selvidge","691795","40","2027","LHP","New York Yankees"
"490","Randy Guzman","807383","40","2028","1B/OF","New York Mets"
"491","Nate Dohm","702296","37","2026","SP","STL"
"492","Jhonan Coba","826173","37","2030","SP","DET"
"493","Enrique Bradfield Jr.","690961","50","2026","OF","Baltimore Orioles"
"494","Henry Bolte","703607","50","2026","OF","Athletics"
"495","Nathan Flewelling","807083","50","2028","C","Tampa Bay Rays"
"496","Kemp Alderman","694580","50","2026","OF","Miami Marlins"
"497","Andrew Morris","702193","45","2026","RHP","Minnesota Twins"
"498","Landon Harmon","816102","45","2029","RHP","Washington Nationals"
"499","Kendry Rojas","696070","50","2026","LHP","Minnesota Twins"
"500","Braxton Bragg","688867","45","2027","RHP","Baltimore Orioles"
"501","Jose Urbina","808250","45","2028","RHP","Tampa Bay Rays"
"502","Tyson Neighbors","695695","45","2026","RHP","Baltimore Orioles"
"503","Eric Hartman","807080","40","2029","OF","Atlanta Braves"
"504","Jeral Perez","800419","40","2028","2B","CHW"
"505","Jose Devers","691410","40","2027","SS","CLE"
"506","Kristian Robinson","677565","40","2026","RF","ARI"
"507","Zach Cole","805904","40","2026","OF",""
"508","Fernando Graterol","836608","40","2032","C","CHW"
"509","Joendry Vargas","806959","40","2029","SS","Los Angeles Dodgers"
"510","Yu-Min Lin","801179","40","2026","SP","ARI"
"511","John Peck","807726","40","2027","SS","Detroit Tigers"
"512","Ryan Ward","669899","40","2026","OF/1B","Los Angeles Dodgers"
"513","Sean Keys","815873","40","2027","3B","TOR"
"514","Kendri Fana","","37","2032","RHP","LAA"
"515","Blake Larson","820836","37","2029","SP","CHW"
"516","Gabriel Gonzalez","694224","50","2026","OF","Minnesota Twins"
"517","Miguel Sime Jr.","828137","45","2029","RHP","Washington Nationals"
"518","Victor Valdez","836590","45","2031","SS","Tampa Bay Rays"
"519","JB Middleton","822477","45","2028","RHP","Colorado Rockies"
"520","Brody Brecht","701679","45","2027","RHP","Colorado Rockies"
"521","Jackson Strong","825924","40","2028","OF","Detroit Tigers"
"522","Gage Workman","669398","40","2026","3B","DET"
"523","Steven Zobac","686632","45","2026","RHP","Kansas City Royals"
"524","Tanner Murray","695020","40","2026","UTIL","CHW"
"525","Alexander Frias","825484","37","2031","RF","MIL"
"526","Joe Elbis","692544","37","2027","SP","ARI"
"527","River Hamilton","821932","37","2031","SP","DET"
"528","Branneli Franco","815919","37","2030","SP","STL"
"529","Carlos Gutierrez","806872","45","2028","OF","San Francisco Giants"
"530","Levi Wells","694370","45","2026","RHP","Baltimore Orioles"
"531","Devin Taylor","805127","45","2028","OF","Athletics"
"532","Bradgley Rodriguez","683637","45","2026","RHP",""
"533","Riley Quick","804981","45","2028","RHP","Minnesota Twins"
"534","Sean Youngerman","823781","45","2028","RHP","Philadelphia Phillies"
"535","Dalton Pence","701717","45","2027","LHP","Texas Rangers"
"536","Izack Tiger","806094","45","2027","RHP","Texas Rangers"
"537","Cutter Coffey","702690","40","2028","3B","TOR"
"538","Kehden Hettiger","800607","40","2028","C/1B","Philadelphia Phillies"
"539","Joseph Montalvo","702477","37","2026","SP","DET"
"540","Samuel Gonzalez","828416","37","2029","SP","ARI"
"541","Joseph Dzierwa","804530","45","2028","LHP","Baltimore Orioles"
"542","Felix Arronde","702373","45","2028","RHP","Kansas City Royals"
"543","Kaleb Wing","832453","45","2029","RHP","Chicago Cubs"
"544","Argenis Cayama","821783","45","2029","RHP","San Francisco Giants"
"545","Griffin Burkholder","816120","39","2028","OF","Philadelphia Phillies"
"546","Will Bush","813844","40","2027","C/1B","Houston Astros"
"547","Deivi Villafana","812151","38","2028","RHP","Cincinnati Reds"
"548","Levi Sterling","815552","45","2028","RHP","Pittsburgh Pirates"
"549","Michael Lombardi","813533","45","2028","RHP","Kansas City Royals"
"550","Dean Moss","815830","45","2029","OF","Tampa Bay Rays"
"551","Blade Tidwell","694918","45","2026","RHP","San Francisco Giants"
"552","Ryan Gallagher","801594","45","2027","RHP","Minnesota Twins"
"553","Devin Fitz-Gerald","803849","45","2028","INF","Washington Nationals"
"554","Quentin Young","815839","45","2029","SS/3B","Minnesota Twins"
"555","Sean Sullivan","807743","45","2026","LHP","Colorado Rockies"
"556","Welinton Herrera","700327","45","2026","LHP","Colorado Rockies"
"557","Nestor German","815148","45","2026","RHP","Baltimore Orioles"
"558","Dexters Peralta","820996","37","2030","SS","NYY"
"559","Will Hynes","807077","38","2029","RHP","Cleveland Guardians"
"560","Tre' Morgan","691003","45","2026","1B/OF","Tampa Bay Rays"
"561","Andrew Salas","829035","45","2030","OF/SS/2B","Miami Marlins"
"562","Alex Clemmey","806046","45","2027","LHP","Washington Nationals"
"563","Brendan Summerhill","804911","45","2028","OF","Tampa Bay Rays"
"564","Cole Carrigg","694249","45","2026","OF","Colorado Rockies"
"565","Jackson Kent","800600","45","2027","LHP","Washington Nationals"
"566","Drew Beam","701795","45","2027","RHP","Kansas City Royals"
"567","Josiah Hartshorn","815824","45","2029","OF","Chicago Cubs"
"568","Santiago Solarte","836594","45","2031","SS","Miami Marlins"
"569","Gary Gill Hill","804541","45","2027","RHP","Tampa Bay Rays"
"570","Griffin Herring","702622","45","2027","LHP","Colorado Rockies"
"571","Yoel Tejeda Jr.","701347","45","2027","RHP","Washington Nationals"
"572","Adolfo Sanchez","807645","39","2029","OF","Cincinnati Reds"
"573","Dylan Ray","691009","37","2026","SP","ARI"
"574","Jared Karros","689042","37","2027","SP","LAD"
"575","James Hicks","801802","38","2026","RHP","Houston Astros"
"576","Jacob Morrison","804756","37","2027","SP","MIL"
"577","Alexander Garcia","683725","37","2029","SP","CLE"
"578","Ryjeteri Merite","820853","37","2029","SP","CIN"
"579","Ryan Hall","834613","37","2031","SP","DET"
"580","Blake Aita","820832","37","2028","SP","STL"
"581","Henry Baez","692013","45","2026","RHP","Athletics"
"582","Zac Veen","805731","45","2026","OF",""
"583","Marco Raya","694397","45","2026","RHP","Minnesota Twins"
"584","Seong-Jun Kim","834605","45","2030","SS/RHP","Texas Rangers"
"585","Yandel Ricardo","815902","45","2029","SS","Kansas City Royals"
"586","Justin Lamkin","703610","45","2028","LHP","Kansas City Royals"
"587","Elian Rosario","836589","45","2031","OF/3B","Texas Rangers"
"588","Brailer Guerrero","806967","45","2029","OF","Tampa Bay Rays"
"589","Wilber Dotel","696062","45","2026","RHP","Pittsburgh Pirates"
"590","Luis Aguilera","821813","37","2030","SS","DET"
"591","Brett Sears","822412","37","2026","SP","ATL"
"592","Carlos Castillo","807962","37","2032","OF","LAA"
"593","Samuel Munoz","703153","37","2028","LF","LAD"
"594","Brendan Beck","694341","38","2026","RHP","New York Yankees"
"595","Melvin Hernandez","808329","37","2028","SP","MIL"
"596","Nick Potter","830769","38","2028","RHP","Houston Astros"
"597","Jack Cebert","701411","38","2028","RHP","New York Yankees"
"598","Homer Bush Jr.","683344","45","2026","OF","Tampa Bay Rays"
"599","Welbyn Francisca","806988","45","2029","SS","Cleveland Guardians"
"600","Wyatt Sanford","815608","45","2028","SS","Pittsburgh Pirates"
"601","Juan Cabada","829040","45","2030","2B/3B","Chicago Cubs"
"602","Thomas Harrington","802419","45","2026","RHP","Pittsburgh Pirates"
"603","Shotaro Morii","829679","45","2029","SS/RHP","Athletics"
"604","Darell Morel","829716","45","2030","SS","Pittsburgh Pirates"
"605","Luinder Avila","809701","45","2026","RHP","Kansas City Royals"
"606","Xavier Isaac","800060","45","2027","1B","Tampa Bay Rays"
"607","Starlyn De La Cruz","","37","2032","CF","ATL"
"608","Cole Hertzler","826315","38","2028","RHP","Houston Astros"
"609","Bryan Rincon","804858","39","2028","SS","Philadelphia Phillies"
"610","Peter Kussow","828097","38","2029","RHP","New York Mets"
"611","Dylan Smith","681916","38","2026","RHP","Detroit Tigers"
"612","Rory Fox","812431","38","2028","RHP","New York Yankees"
"613","Junior Suriel","829866","37","2031","RF","LAA"
"614","Sebastian Romero","837870","37","2032","LF","CHW"
"615","Ubaldo Soto","808161","38","2029","RHP","Los Angeles Angels"
"616","Ethan Bagwell","815626","38","2028","RHP","Atlanta Braves"
"617","Grant Umberger","802359","37","2027","SP","CHW"
"618","Seaver King","814409","45","2027","SS","Washington Nationals"
"619","Jadher Areinamo","699130","45","2027","INF","Tampa Bay Rays"
"620","Kade Morris","695034","45","2026","RHP","Athletics"
"621","Edgar Montero","815911","45","2030","SS","Athletics"
"622","Dillon Lewis","827665","45","2027","OF","Miami Marlins"
"623","Termarr Johnson","702261","45","2026","2B","Pittsburgh Pirates"
"624","Fabricio Blanco","660799","45","2031","SS","Tampa Bay Rays"
"625","Max Belyeu","803284","45","2028","OF","Colorado Rockies"
"626","Brandon Winokur","806263","45","2028","SS/3B/OF","Minnesota Twins"
"627","Coy James","815983","45","2029","SS","Washington Nationals"
"628","Brandon Birdsell","669361","40","2027","RHP","Chicago Cubs"
"629","Carson DeMartini","701831","45","2027","3B","Philadelphia Phillies"
"630","Esmerlyn Valdez","699013","45","2027","OF/1B","Pittsburgh Pirates"
"631","Ben Kudrna","695667","45","2026","RHP","Kansas City Royals"
"632","Jhancarlos Lara","702910","40","2026","RHP","Atlanta Braves"
"633","Josueth Quinonez","815017","37","2030","CF","DET"
"634","Stiven Marinez","829501","38","2030","SS","New York Yankees"
"635","Anthony Millan","829860","38","2030","OF","Houston Astros"
"636","Ty Floyd","692226","37","2028","SP","CIN"
"637","Nathan Hall","807937","38","2028","RHP","New York Mets"
"638","Angel Bastardo","682785","40","2026","SIRP","TOR"
"639","Alexander Almonte","823012","40","2031","MIRP","NYY"
"640","Juan Carela","683636","40","2027","MIRP","CHW"
"641","Adam Macko","671936","40","2026","MIRP","TOR"
"642","Zach Franklin","702103","40","2026","SIRP","CHW"
"643","Samy Natera Jr.","696519","40","2027","SIRP","LAA"
"644","Tyler Schweitzer","805326","40","2026","MIRP","CHW"
"645","Keythel Key","700322","40","2027","SIRP","LAA"
"646","Ben Simon","815084","40","2027","SIRP","NYM"
"647","Spencer Miles","693686","40","2026","SIRP","TOR"
"648","Brian Curley","826536","40","2027","SIRP","ARI"
"649","Seth Johnson","686751","40","2026","SIRP","PHI"
"650","Zach McCambley","685112","40","2026","SIRP","PHI"
"651","Mason Marriott","696277","40","2027","MIRP","ARI"
"652","Nick Sando","805311","40","2027","SIRP","CIN"
"653","Brad Pacheco","814372","40","2029","SIRP","PHI"
"654","Drew Petska","","40","2027","SIRP","CIN"
"655","Anyer Laureano","703242","40","2028","SIRP","CIN"
"656","Paul Wilson","800618","40","2028","SIRP","DET"
"657","Micah Bucknam","692117","40","2028","MIRP","TOR"
"658","Franco Aleman","680916","40","2026","SIRP","CLE"
"659","Michael Massey","686681","40","2026","SIRP","DET"
"660","T.J. Brock","697813","40","2026","SIRP","TOR"
"661","Yorman Gómez","691414","40","2026","SIRP","CLE"
"662","Connor Cooke","701566","40","2026","SIRP","TOR"
"663","Andrew Hoffmann","694851","40","2026","SIRP","ARI"
"664","Camden Lohman","834242","38","2029","RHP","New York Mets"
"665","Chay Yeager","807410","40","2027","SIRP","TOR"
"666","Hayden Durke","694492","40","2026","SIRP","ARI"
"667","Austin Love","676153","40","2026","SIRP","STL"
"668","Javen Coleman","694495","40","2027","SIRP","TOR"
"669","Yordin Chalas","808054","40","2027","SIRP","ARI"
"670","Hyun-Seok Jang","815794","40","2029","SIRP","LAD"
"671","Tate Kuehner","804249","40","2027","MIRP","MIL"
"672","Sandro Santana","811139","40","2028","SIRP","ARI"
"673","Brady Smith","672280","40","2028","SIRP","LAD"
"674","Fernando Perez","800125","37","2027","SP","TOR"
"675","Andy Mata","833206","37","2031","CF","DET"
"676","Mason Peters","830336","38","2028","LHP","Seattle Mariners"
"677","Marcelo Perez","681041","38","2026","RHP","Seattle Mariners"
"678","Aidan Major","802146","37","2027","SP","CLE"
"679","Asbel Gonzalez","808706","45","2029","OF","Kansas City Royals"
"680","Josh Owens","831384","45","2029","SS/RHP","Texas Rangers"
"681","Trevor Harrison","807314","45","2028","RHP","Tampa Bay Rays"
"682","James Ellwanger","806067","45","2028","RHP","Minnesota Twins"
"683","Tucker Musgrove","814491","40","2027","RHP","San Diego Padres"
"684","Dennis Colleran","701207","40","2027","RHP","Kansas City Royals"
"685","Robinson Ortiz","673662","38","2026","LHP","Seattle Mariners"
"686","Edward Lantigua","815928","37","2030","LF","NYM"
"687","Gabel Pentecost","834872","38","2028","RHP","Houston Astros"
"688","James Triantos","701649","45","2026","2B/OF","Chicago Cubs"
"689","Luke Dickerson","815380","45","2028","SS/2B","Washington Nationals"
"690","Sammy Stafura","806230","45","2028","SS","Pittsburgh Pirates"
"691","Aron Estrada","800406","45","2027","2B/OF","Baltimore Orioles"
"692","Yordany De Los Santos","703154","45","2027","SS/3B/2B","Pittsburgh Pirates"
"693","Cooper Flemming","828237","45","2029","SS","Tampa Bay Rays"
"694","Zane Taylor","823990","40","2027","RHP","Athletics"
"695","Nick Yorke","694377","45","2026","2B/OF",""
"696","Easton Carmichael","702695","45","2028","C","Pittsburgh Pirates"
"697","Leandro Lopez","699214","45","2026","RHP","Texas Rangers"
"698","Keyner Martinez","815212","45","2028","RHP","San Francisco Giants"
"699","Adrian Bohorquez","807974","45","2027","RHP","Minnesota Twins"
"700","Robert Calaz","806978","45","2028","OF","Colorado Rockies"
"701","Alberto Laroche","823929","40","2030","RHP","San Francisco Giants"
"702","Ben Abeldt","702727","40","2028","LHP","Texas Rangers"
"703","Freddy Contreras","830469","40","2031","RHP","Kansas City Royals"
"704","Pico Kohn","695560","40","2028","LHP","New York Yankees"
"705","John Klein","804619","45","2026","RHP","Minnesota Twins"
"706","Aidan West","828140","37","2031","2B","LAD"
"707","Eduardo Rojas","821672","37","2030","C","LAD"
"708","Jose Chirinos","800452","37","2028","SP","NYM"
"709","Hayden Harris","802686","38","2026","LHP","Atlanta Braves"
"710","Pedro Ramírez","699393","45","2026","3B/2B","Chicago Cubs"
"711","Nate Snead","805422","40","2028","RHP","Los Angeles Angels"
"712","Karson Milbrandt","703596","45","2027","RHP","Miami Marlins"
"713","Jose Perdomo","815899","38","2029","SS","Atlanta Braves"
"714","Aaron Walton","830239","38","2028","OF","Cleveland Guardians"
"715","Austin Overn","702556","45","2027","OF","Tampa Bay Rays"
"716","Trevor Cohen","701906","45","2028","OF","San Francisco Giants"
"717","Cameron Cauley","695508","45","2026","SS/OF/2B","Texas Rangers"
"718","Joshua Kuroda-Grauer","811965","45","2027","SS","Athletics"
"719","Deivid Coronil","829060","45","2030","3B/SS","San Diego Padres"
"720","Jose Luis Acevedo","836593","40","2031","SS","Baltimore Orioles"
"721","Emiliano Teodo","693713","40","2026","RHP","Texas Rangers"
"722","Hendry Mendez","694230","45","2026","OF","Minnesota Twins"
"723","Trent Harris","805345","40","2026","RHP","San Francisco Giants"
"724","Dom Keegan","681371","45","2026","C","Tampa Bay Rays"
"725","Omar Alfonzo","692657","45","2027","C","Pittsburgh Pirates"
"726","Dylan Dreiling","702662","45","2027","OF","Texas Rangers"
"727","Josh Bostick","701241","40","2028","RHP","San Francisco Giants"
"728","Brandon Compton","703680","45","2028","OF","Miami Marlins"
"729","Luis De La Torre","815219","40","2028","LHP","San Francisco Giants"
"730","Nick Mitchell","814455","37","2028","CF","CLE"
"731","Bryan Torres","663494","37","2026","2B/LF","STL"
"732","Ruben Gallego","","37","2032","SS","ARI"
"733","K.C. Hunt","687268","37","2027","SP","MIL"
"734","Herick Hernandez","803349","38","2027","LHP","Atlanta Braves"
"735","Michael Morales","691786","38","2026","RHP","Seattle Mariners"
"736","Cleiner Ramirez","","37","2032","OF","NYM"
"737","Elian De La Cruz","829066","37","2031","RF","ARI"
"738","Braden Davis","801078","38","2027","LHP","St. Louis Cardinals"
"739","Chase Mobley","813949","37","2029","SP","CLE"
"740","Gabriel Reyes","694050","37","2027","SP","DET"
"741","Jose Davila","692369","37","2028","SP","STL"
"742","Owen Ayers","689196","45","2027","C","Chicago Cubs"
"743","Sterlin Thompson","694514","45","2026","OF","Colorado Rockies"
"744","Murf Gray","809092","45","2028","3B","Pittsburgh Pirates"
"745","Rafael Flores Jr.","804668","45","2026","C/1B","Pittsburgh Pirates"
"746","Yohanfer Santana","808690","40","2030","RHP","Miami Marlins"
"747","Xavier Mitchell","815718","40","2029","LHP","Los Angeles Angels"
"748","Carlos De La Rosa","822215","40","2030","LHP","San Francisco Giants"
"749","Chia-Shi Shen","828430","40","2028","RHP","Seattle Mariners"
"750","Sam Shaw","802511","37","2028","LF","TOR"
"751","Jase Mitchell","834234","38","2029","C","Houston Astros"
"752","Ivan Luciano","813930","37","2030","C","ARI"
"753","Jack Gurevitch","813668","38","2028","1B","St. Louis Cardinals"
"754","Carson Whisenhunt","687931","45","2026","LHP","San Francisco Giants"
"755","Hunter Patteson","687593","40","2027","LHP","Kansas City Royals"
"756","Carter Baumler","691945","40","2026","RHP",""
"757","Johan Geraldo","837852","40","2031","SS","Chicago Cubs"
"758","Gunnar Hoglund","680684","40","2026","RHP",""
"759","Garrett Hawkins","678184","40","2026","RHP","San Diego Padres"
"760","Brett Bateman","703520","40","2027","OF","Chicago Cubs"
"761","Charlie Beilenson","810897","40","2026","RHP","Seattle Mariners"
"762","Jacob Johnson","835375","40","2029","RHP","Texas Rangers"
"763","Stharlin Torres","820941","40","2029","RHP","Cincinnati Reds"
"764","Diego Serna","835315","40","2031","LHP","San Diego Padres"
"765","Jackson Cox","702484","40","2028","RHP","Colorado Rockies"
"766","Eduarniel Núñez","674384","40","2026","RHP","Athletics"
"767","Bryan Balzer","808893","40","2028","RHP","San Diego Padres"
"768","Elaineiker Coronado","830398","37","2031","2B","TOR"
"769","Lucas Kelly","805220","40","2028","RHP","Seattle Mariners"
"770","Handelfry Encarnacion","821136","37","2029","CF","MIL"
"771","Won-Bin Cho","800231","37","2028","RF","STL"
"772","Sebastian Dos Santos","829741","37","2031","2B","STL"
"773","Yulian Barreto","829905","40","2030","2B","San Francisco Giants"
"774","Luis Cova","815909","40","2029","OF","Miami Marlins"
"775","Jorge Quintana","815894","45","2029","SS","San Diego Padres"
"776","Juaron Watts-Brown","695033","45","2026","RHP","Baltimore Orioles"
"777","Mikey Romero","702540","45","2026","INF","Boston Red Sox"
"778","Grayson Grinsell","804852","40","2028","LHP","Detroit Tigers"
"779","Aiden May","801995","40","2027","RHP","Miami Marlins"
"780","Brock Rodden","801126","38","2026","2B/3B","Seattle Mariners"
"781","Jaden Hamm","811290","38","2027","RHP","Detroit Tigers"
"782","Brendan Girton","694858","40","2027","RHP","New York Mets"
"783","Luis Arana","829854","40","2030","SS/3B","Miami Marlins"
"784","Jack Wheeler","828087","40","2029","3B","Texas Rangers"
"785","Ismael Agreda","697795","40","2028","RHP","Texas Rangers"
"786","PJ Morlando","703563","45","2028","OF","Miami Marlins"
"787","Mason Neville","702563","40","2028","OF","Cincinnati Reds"
"788","Carson Roccaforte","811287","40","2027","OF","Kansas City Royals"
"789","Roc Riggio","691792","45","2026","2B","Colorado Rockies"
"790","Chen Zhong-Ao Zhuang","800018","40","2026","RHP","Athletics"
"791","Parks Harber","692238","45","2027","3B/1B","San Francisco Giants"
"792","Austin Gordon","803135","40","2027","RHP","Los Angeles Angels"
"793","Ethan Petry","701337","45","2028","OF/1B","Washington Nationals"
"794","Michael Salina","823745","40","2028","RHP","San Diego Padres"
"795","RJ Petit","696275","40","2026","RHP",""
"796","Carlos Carrion","","37","2032","3B","STL"
"797","Jose Manon","825495","38","2031","SS","Atlanta Braves"
"798","Devin Saltiban","813880","38","2028","OF/2B","Philadelphia Phillies"
"799","Landon Hodge","821933","37","2029","C","CHW"
"800","Drue Hackenberg","802357","38","2026","RHP","Atlanta Braves"
"801","Tyler Cleveland","804663","38","2026","RHP","Seattle Mariners"
"802","Gage Ziehl","695721","37","2028","SP","BOS"
"803","Brendan Jones","800957","40","2027","OF","Miami Marlins"
"804","Yeremy Cabrera","800393","40","2028","OF","Washington Nationals"
"805","Marconi German","829699","40","2030","2B/SS","Washington Nationals"
"806","Gavin Turley","702504","40","2028","OF","Athletics"
"807","Wilfri De La Cruz","692417","40","2030","SS","Baltimore Orioles"
"808","Payton Martin","806293","40","2027","RHP","Los Angeles Dodgers"
"809","Lan-Hong Su","837088","40","2029","RHP","San Diego Padres"
"810","Taitn Gray","828685","40","2029","1B/OF","Tampa Bay Rays"
"811","Gregory Pio","","37","2032","CF","SEA"
"812","Jose Fernandez","699912","37","2027","SS","ARI"
"813","Ricki Moneys","","37","2032","3B","MIL"
"814","Dillon Head","702977","45","2028","OF","Miami Marlins"
"815","Andrew Pinckney","687605","40","2026","OF","Washington Nationals"
"816","Joniel Hernandez","836592","40","2031","SS","San Diego Padres"
"817","Ethan Hedges","805260","40","2028","3B","Colorado Rockies"
"818","Warren Calcaño","829071","40","2030","SS","Kansas City Royals"
"819","Trevor McDonald","686790","40","2026","RHP","San Francisco Giants"
"820","Khristian Curtis","694753","40","2027","RHP","Pittsburgh Pirates"
"821","Svert Reinoso","836614","40","2031","SS","Cleveland Guardians"
"822","Samil Serrano","836603","40","2031","OF","Washington Nationals"
"823","JT Quinn","802411","40","2028","RHP","Baltimore Orioles"
"824","Ty Harvey","829210","40","2029","C","San Diego Padres"
"825","Shane Panzini","695556","40","2026","RHP","Kansas City Royals"
"826","Nate Payne","827626","40","2028","LHP","Miami Marlins"
"827","Max Williams","703637","40","2028","OF","Miami Marlins"
"828","Dominick Reid","805255","40","2028","RHP","Chicago Cubs"
"829","Santiago Castellanos","829764","40","2030","RHP","Minnesota Twins"
"830","Parker Smith","809789","40","2027","RHP","Houston Astros"
"831","Gerelmi Maldonado","698965","40","2028","RHP","San Francisco Giants"
"832","Andri Hidalgo","836602","40","2031","LHP","Baltimore Orioles"
"833","Reinold Navarro","821116","40","2029","LHP","Pittsburgh Pirates"
"834","Mac Heuer","806121","40","2028","RHP","New York Yankees"
"835","Po-Chun Lin","806836","40","2029","RHP","Seattle Mariners"
"836","Mason McConnaughey","822415","40","2029","RHP","Texas Rangers"
"837","Matt Barr","832699","40","2029","RHP","Minnesota Twins"
"838","Elijah Hainline","809944","38","2027","INF","Los Angeles Dodgers"
"839","Angel Carmona","830013","37","2030","SS","ATL"
"840","Ronald Hernandez","698933","37","2028","C","NYM"
"841","Lorenzo Meola","823768","40","2028","SS/2B","San Francisco Giants"
"842","Ramsey David","687062","40","2027","RHP","Houston Astros"
"843","Steven Echavarria","806064","40","2027","RHP","Athletics"
"844","Ronny Cruz","826723","40","2029","SS","Washington Nationals"
"845","Kavares Tears","701837","40","2028","OF","San Diego Padres"
"846","Ramcell Medina","829096","40","2030","SS/3B","Kansas City Royals"
"847","Gabriel Hughes","687312","40","2026","RHP","Colorado Rockies"
"848","C.J. Culpepper","690217","40","2026","RHP","Minnesota Twins"
"849","Cole Mathis","695573","40","2028","1B/3B","Chicago Cubs"
"850","Trei Cruz","669360","38","2026","OF/INF","Detroit Tigers"
"851","Ryan Wideman","834240","40","2028","OF","San Diego Padres"
"852","Ryan Lasko","805782","40","2027","OF","Athletics"
"853","Fernando Cruz","815890","40","2030","SS/2B","Chicago Cubs"
"854","Lisbel Diaz","815464","40","2028","OF","San Francisco Giants"
"855","Christian Franklin","681047","40","2026","OF","Washington Nationals"
"856","Jack Brannigan","687394","40","2026","SS/3B","Pittsburgh Pirates"
"857","Paxton Kling","702265","40","2028","OF","Texas Rangers"
"858","Cristian Arguelles","821692","40","2030","OF","Colorado Rockies"
"859","Daniel Vazquez","694187","40","2027","SS","Kansas City Royals"
"860","Jose Olivares","699276","40","2027","RHP","Minnesota Twins"
"861","Wilson Rodriguez","815147","40","2028","OF","New York Yankees"
"862","Breyson Guedez","829052","40","2029","OF","Athletics"
"863","Cristian Hernandez","694183","40","2027","SS/2B","Miami Marlins"
"864","Cole Messina","701783","40","2027","C","Colorado Rockies"
"865","Riley Kelly","804465","40","2028","RHP","Colorado Rockies"
"866","Richard De Los Santos","827342","40","2031","SS","Colorado Rockies"
"867","Core Jackson","692110","40","2028","SS/2B","New York Yankees"
"868","Daniel Susac","691740","40","2026","C",""
"869","Kannon Kemp","807748","40","2028","RHP","San Diego Padres"
"870","Kenya Huggins","695761","40","2027","RHP","Athletics"
"871","Josh Trentadue","815048","40","2027","LHP","Texas Rangers"
"872","Gavin Collyer","686560","40","2026","RHP","Texas Rangers"
"873","Cameron Millar","832698","40","2031","RHP","Kansas City Royals"
"874","Zander Mueth","805800","40","2029","RHP","Pittsburgh Pirates"
"875","Kyle Carr","694805","40","2027","LHP","New York Yankees"
"876","Luis Gutierrez","692294","40","2026","LHP","San Diego Padres"
"877","Konner Eaton","820825","40","2027","LHP","Colorado Rockies"
"878","Joe Whitman","802126","40","2027","LHP","San Francisco Giants"
"879","Eriq Swan","811291","40","2027","RHP","Washington Nationals"
"880","Nick Monistere","823809","37","2028","2B","HOU"
"881","Chase Davis","690971","37","2028","RF","STL"
"882","Tyler Black","672012","37","2026","1B","MIL"
"883","Cesar Acosta","830802","37","2031","C","NYM"
"884","Eric Bitonti","800724","38","2028","1B","Milwaukee Brewers"
"885","Izaac Pacheco","691789","38","2027","3B/1B","Detroit Tigers"
"886","McCade Brown","685326","40","2026","RHP",""
"887","Jostin Florentino","808062","40","2028","RHP","Chicago Cubs"
"888","Harrison Cohen","694660","40","2026","RHP","New York Yankees"
"889","Yerlin Confidan","691398","37","2027","RF","CIN"
"890","Lucas Spence","828599","40","2027","OF","Houston Astros"
"891","Jose Fleury","800067","40","2026","RHP","Houston Astros"
"892","Juan Tomas","829823","40","2030","SS","Chicago Cubs"
"893","Grant Shepardson","824415","40","2028","RHP","Miami Marlins"
"894","Juan Parra","832324","40","2031","SS","Philadelphia Phillies"
"895","Wilder Dalis","815195","40","2029","INF","Colorado Rockies"
"896","Mason Barnett","686930","40","2026","RHP","Athletics"
"897","Bobby Boser","804119","40","2028","3B/2B/SS","Athletics"
"898","Nauris De La Cruz","832703","40","2030","OF","Washington Nationals"
"899","Mavis Graves","703496","40","2027","LHP","Philadelphia Phillies"
"900","Edgleen Perez","814297","40","2028","C/1B","Pittsburgh Pirates"
"901","Duce Gourson","701546","40","2027","2B/3B/1B","Pittsburgh Pirates"
"902","Josh Hansell","700985","40","2028","RHP","Kansas City Royals"
"903","Tony Blanco Jr.","703156","40","2029","1B","Pittsburgh Pirates"
"904","Deniel Ortiz","811765","40","2027","3B/1B","St. Louis Cardinals"
"905","José Castro","821078","40","2030","OF","Miami Marlins"
"906","Creed Willems","695735","40","2027","C/1B","Baltimore Orioles"
"907","Filippo Di Turi","806995","37","2028","SS","MIL"
"908","Colton Ledbetter","807742","37","2026","RF","STL"
"909","Luis Suisbel","692044","37","2028","3B","SEA"
"910","James Tallon","810890","40","2028","LHP","Philadelphia Phillies"
"911","Riley Martin","702303","40","2026","LHP","Chicago Cubs"
"912","Maui Ahuna","694757","40","2028","SS","San Francisco Giants"
"913","Aiden Taurek","702522","40","2028","OF","Seattle Mariners"
"914","Sam Petersen","695763","40","2027","OF","Washington Nationals"
"915","Sebastian Blanco","829949","40","2030","SS","Colorado Rockies"
"916","Bruin Agbayani","828202","40","2029","SS/2B","Minnesota Twins"
"917","Darwing Ozuna","829048","40","2030","OF","Athletics"
"918","Abimelec Ortiz","694673","40","2026","1B/OF",""
"919","Blake Wolters","806265","40","2028","RHP","Kansas City Royals"
"921","Cam Tilly","806704","40","2028","RHP","New York Mets"
"922","Anthony Huezo","805953","38","2029","OF","Houston Astros"
"923","Tyler Callihan","682997","37","2026","2B","CIN"
"924","Gian Zapata","806979","37","2030","RF","ARI"
"925","Nolan Schubart","702278","38","2028","OF/1B","Cleveland Guardians"
"926","Isaiah Drake","806061","40","2028","OF","Atlanta Braves"
"927","Anthony Gutierrez","703152","40","2028","OF","Texas Rangers"
"928","Kyle DeBarge","814414","40","2027","SS","Minnesota Twins"
"929","Fenwick Trimble","814458","40","2027","OF","Miami Marlins"
"930","Colin Yeaman","829649","40","2028","3B/SS","Baltimore Orioles"
"931","Carlos Sanchez","800176","40","2028","3B/SS/OF","Cincinnati Reds"
"932","Ariel Armas","813666","40","2027","C","Chicago Cubs"
"933","Nate Nankil","694977","40","2027","OF","Athletics"
"934","Jancel Villarroel","806611","40","2028","C/OF","San Francisco Giants"
"935","Daiverson Gutierrez","806987","40","2029","C","New York Mets"
"936","Angel Feliz","815906","40","2029","SS/2B","Washington Nationals"
"937","Khadim Diaw","813715","40","2027","C","Minnesota Twins"
"938","Billy Amick","701771","40","2027","3B/1B","Minnesota Twins"
"939","Yohandy Morales","691002","40","2026","1B/3B","Washington Nationals"
"940","Stiven Martinez","815913","40","2029","OF","Baltimore Orioles"
"941","Kale Fountain","806495","40","2029","1B/3B","San Diego Padres"
"942","Alex McCoy","801932","40","2028","OF","San Diego Padres"
"943","Sean Paul Liñan","800344","40","2027","RHP","New York Yankees"
"944","Patrick Reilly","694345","40","2027","RHP","Baltimore Orioles"
"945","Tytus Cissell","815632","37","2030","SS","ARI"
"946","Luis Baez","678861","37","2028","1B","HOU"
"947","Rhylan Thomas","689041","40","2026","OF","Seattle Mariners"
"948","Matthew Ferrara","814955","40","2029","SS/2B","Philadelphia Phillies"
"949","Brendan Tunink","815665","40","2029","OF","Los Angeles Dodgers"
"950","Ethan Anderson","803175","40","2027","C/1B","Baltimore Orioles"
"951","Ashly Andujar","815903","40","2029","SS","Colorado Rockies"
"952","Nick Dumesnil","825094","40","2028","OF","Detroit Tigers"
"953","Randy De Jesus","703194","40","2027","OF","Los Angeles Angels"
"954","Ricky Cabrera","703150","40","2028","3B/2B","Cincinnati Reds"
"955","Gavin Cross","688457","40","2026","OF","Kansas City Royals"
"956","Jace Avina","701778","40","2027","OF","New York Yankees"
"957","Kala'i Rosario","693850","40","2026","OF","Minnesota Twins"
"958","Eric Reyzelman","801432","40","2026","RHP","New York Yankees"
"959","Cole Miller","800612","40","2029","RHP","Athletics"
"960","Caleb Leys","834393","40","2028","LHP","Detroit Tigers"
"961","Jay Allen II","695481","37","2026","CF","CIN"
"962","Colin Houck","806124","37","2030","SS","NYM"
"963","Alfredo Alcantara","807643","37","2029","2B","CIN"
"964","Caden Powell","702547","38","2028","SS/3B","Houston Astros"
"965","Luis Martinez-Gomez","815292","40","2027","RHP","Chicago Cubs"
"966","Patrick Clohisy","802117","40","2027","OF","Atlanta Braves"
"967","Jared Sundstrom","814791","40","2026","OF","Seattle Mariners"
"968","Jhoan De La Cruz","829063","40","2030","SS/2B","San Diego Padres"
"969","Mani Cedeno","829041","40","2031","SS","New York Yankees"
"970","Jagger Haynes","695247","40","2027","LHP","San Diego Padres"
"971","Angel Cepeda","806980","40","2028","INF","Chicago Cubs"
"972","Kade Snell","820835","40","2028","OF","Chicago Cubs"
"973","Paulino Santana","815889","40","2029","OF","Texas Rangers"
"974","Braedon Karpathios","701682","40","2027","OF","San Diego Padres"
"975","Axiel Plaz","800208","40","2028","C/1B","Pittsburgh Pirates"
"976","Carson Palmquist","687223","40","2026","LHP","Colorado Rockies"
"977","Blake Walston","686796","37","2026","SP","ARI"
"978","Tirso Ornelas","672359","40","2026","OF","San Diego Padres"
"979","Frank Mozzicato","700924","40","2027","LHP","Kansas City Royals"
"980","Javier Mogollon","808684","37","2028","2B","CHW"
"981","Eduardo Garcia","682633","37","2027","SS","MIL"
"982","Charles McAdoo","807727","37","2027","3B","TOR"
"983","Noble Meyer","800611","40","2027","RHP","Miami Marlins"
"984","Carlos Jimenez","692039","40","2028","OF","Seattle Mariners"
"985","Romeo Sanabria","703804","40","2027","1B","San Diego Padres"
"986","Lamar King Jr.","702601","40","2027","C/1B","San Diego Padres"
"987","Truitt Madonna","833008","40","2029","C","San Diego Padres"
"988","Caleb Lomavita","701616","40","2027","C","Washington Nationals"
"989","Xavier Rivas","814392","40","2027","LHP","New York Yankees"
"990","Victor Acosta","694193","37","2027","SS","CIN"
"991","Matthew Wood","687783","37","2027","C","MIL"
"992","Richard Matic","821043","37","2030","3B","NYY"
"993","Dixon Williams","703483","40","2028","2B/3B","Atlanta Braves"
"994","Grant Kipp","805990","40","2026","RHP","Chicago Cubs"
"995","Thomas Sosa","800449","40","2028","OF","Baltimore Orioles"
"996","Grant Knipp","694840","40","2028","RHP/DH","Seattle Mariners"
"997","José Anderson","821262","37","2030","RF","MIL"
"998","Malcolm Moore","702270","40","2028","C","Texas Rangers"
"999","Enrique Jimenez","806992","40","2029","C/1B","Minnesota Twins"
"1000","Maxton Martin","807722","40","2028","OF","Texas Rangers"
"1001","Charlie Pagliarini","813860","37","2028","2B","SEA"
"1002","Jack Martinez","837824","37","2028","MIRP","STL"
"1003","Yordy Herrera","800277","37","2028","SIRP","STL"
"1004","Cameron Leary","802474","40","2028","OF","Athletics"
"1005","Logan Wagner","702488","37","2028","3B","LAD"
"1006","Griff O'Ferrall","803172","40","2027","SS/2B","Baltimore Orioles"
"1007","Pedro Blanco","821380","37","2030","1B","ARI"
"1008","George Wolkow","805804","37","2028","RF","CHW"
"1009","Kyle Henley","806120","37","2030","CF","CIN"
"1010","Christian Little","691733","37","2028","SIRP","SEA"
"1011","Blas Castaño","680604","37","2026","MIRP","SEA"
"1012","Carson Coleman","679693","37","2026","SIRP","NYY"
"1013","Tony Rossi","702036","37","2028","SIRP","NYY"
"1014","Alexander Alberto","693739","37","2027","SIRP","CHW"
"1015","Michael Knorr","681077","37","2026","SIRP","HOU"
"1016","Chris Kean","815454","37","2027","SIRP","NYY"
"1017","Mathias LaCombe","807187","37","2028","SIRP","CHW"
"1018","Yeferson Vargas","814279","37","2029","SIRP","LAA"
"1019","Cade Kuehler","805780","37","2026","SIRP","ATL"
"1020","Luis Velasquez","686433","37","2027","SIRP","NYY"
"1021","Jairo Iriarte","683568","37","2026","SIRP","CHW"
"1022","Cody Laweryson","689520","37","2026","SIRP","LAA"
"1023","Thomas  Balboni Jr.","693647","37","2027","SIRP","NYY"
"1024","Camden Minacci","695229","37","2026","SIRP","LAA"
"1025","Kevin Abel","674265","37","2026","MIRP","CIN"
"1026","Connor Thomas","671162","37","2026","MIRP","ATL"
"1027","Michael Mercado","675650","37","2026","MIRP","PHI"
"1028","Riley Gowens","803035","37","2027","MIRP","CHW"
"1029","Yoniel Curet","692414","37","2026","SIRP","PHI"
"1030","Ben Peoples","687239","37","2026","SIRP","CHW"
"1031","Cristhian Tortosa","665993","37","2026","SIRP","PHI"
"1032","Yondrei Rojas","700292","37","2026","SIRP","TOR"
"1033","Tyler Davis","699823","37","2026","SIRP","CHW"
"1034","Jhon Almonte","829383","37","2030","MIRP","LAA"
"1035","Titan Kennedy-Hayes","813901","37","2028","SIRP","PHI"
"1036","Douglas Orellana","702878","37","2026","SIRP","NYM"
"1037","Doug Nikhazy","680951","37","2026","MIRP","CLE"
"1038","Dahian  Santos","692479","37","2026","MIRP","TOR"
"1039","Shane Murphy","690294","37","2026","MIRP","CHW"
"1040","Felipe De La Cruz","700370","37","2026","SIRP","NYM"
"1041","Peyton Prescott","807290","37","2028","SIRP","NYM"
"1042","Drew Sommers","805427","37","2026","SIRP","DET"
"1043","Kai Peterson","815322","37","2027","SIRP","TOR"
"1044","Truman Pauley","831912","37","2029","MIRP","CHW"
"1045","Luis Alvarez","700351","37","2028","SIRP","NYM"
"1046","Simon Miller","815043","37","2027","SIRP","CIN"
"1047","Skylar Hales","813766","37","2026","SIRP","STL"
"1048","Moises Rodriguez","685481","37","2027","SIRP","DET"
"1049","Carson Jacobs","801941","37","2027","SIRP","CHW"
"1050","Paul Gervase","801434","37","2026","SIRP","LAD"
"1051","Ethan Young","831273","37","2028","MIRP","STL"
"1052","Garrett McDaniels","680729","37","2026","SIRP","LAD"
"1053","Dylan DeLucia","690626","37","2027","MIRP","CLE"
"1054","Mason Molina","695766","37","2028","MIRP","STL"
"1055","Ronan Kopp","691947","37","2026","SIRP","LAD"
"1056","Steven Pérez","682897","37","2026","SIRP","CLE"
"1057","Frank Elissalt","692284","37","2028","SIRP","STL"
"1058","Carson Hobbs","814481","37","2026","SIRP","LAD"
"1059","Jackson  Humphries","703469","37","2027","MIRP","CLE"
"1060","Tyler Owens","687074","37","2026","SIRP","DET"
"1061","Matt Pushard","690155","37","2025","SIRP","STL"
"1062","Jakob Wright","809915","37","2027","SIRP","LAD"
"1063","Kendeglys Virguez","802068","37","2027","SIRP","CLE"
"1064","Ryan Birchard","804670","37","2027","MIRP","MIL"
"1065","Calvin Ziegler","683349","37","2027","SIRP","NYM"
"1066","Reynaldo Yean","702905","37","2027","SIRP","LAD"
"1067","Luis R. Rodriguez","691712","37","2027","SIRP","NYM"
"1068","Randel Clemente","695003","37","2026","SIRP","STL"
"1069","Aidan Foeller","826538","37","2029","SIRP","LAD"
"1070","Spencer Giesting","801517","37","2026","MIRP","ARI"
"1071","Kenny Serwa","690162","37","2028","MIRP","DET"
"1072","Peter Heubeck","695646","37","2026","SIRP","LAD"
"1073","Sean Episcope","834243","37","2029","MIRP","MIL"
"1074","Sawyer Hawks","700895","37","2027","SIRP","ARI"
"1075","Jack Hostetler","828774","37","2029","SIRP","MIL"
"1076","Isaac Ayon","694847","37","2028","SIRP","LAD"
"1077","Landon Sims","683085","37","2026","SIRP","ARI"
"1078","Dylan Tate","827721","37","2029","SIRP","LAD"
"1079","Kyle Amendt","694900","37","2026","SIRP","ARI"
"1080","Wyatt Crowell","694573","37","2027","SIRP","LAD"
"1081","Logan Tabeling","805841","37","2029","SIRP","LAD"
"1082","Walvin Mena","808005","37","2029","SIRP","ARI"
"1083","Jaxon Dalena","826941","","2028","RHP","San Diego Padres"